Subject Catalog Nbr 	Title	Instructors  	Term 	Term Code 	Cross- listed	A+	A	A-	B+	B	B-	C+	C	C-	D+	D	D-	F	P	NP	S	U	I	W	-	Total
AM 10	Math Methods I	Abram Kay Stout Rodgers	2021 Spring Quarter	2212	N	4	90	41	20	25	11	15	14			7		5	1	6				1		240
AM 11A	Math Methd for Econ	Bruno Silva Mendes	2021 Spring Quarter	2212	Y		2	5	13	2			1			2		1	2							28
AM 11B	Math Methds Econ II	Jonathan Rice Katznelson	2021 Spring Quarter	2212	Y	2	12	15	7	15	6	13	15	4		6		11	6	9				3		124
AM 20	Math Methods II	Qi Gong	2021 Spring Quarter	2212	N	8	14	19	23	24	15	20	19					1	1	3	1			3		151
AM 30	SOE Calculus III	Jonathan Rice Katznelson	2021 Spring Quarter	2212	N	2	9	7	10	17	5	9	3	2		2		2		1				1		70
AM 213B	Num Mthds Diff Eq	Hongyun Wang	2021 Spring Quarter	2212	N	4	9	2										1			1					17
AM 250	Intro High Perf Comp	Nicholas H Brummell	2021 Spring Quarter	2212	N	5	9			1			1								1					17
ANTH 2	Intr Culturl Anthro	Melissa L Caldwell	2021 Spring Quarter	2212	N		91	40	64	43	4	2	4	1	1	5		7	22	7				7		298
ANTH 101	Human Evolution	Emily A Schach	2021 Spring Quarter	2212	N	2	30		7	18		1	4						5	1				1		69
ANTH 106	Primate Behavior	Viktoria Oelze	2021 Spring Quarter	2212	N	25	20	19	4	5		2	1				2	1	6							85
ANTH 110I	SustainbilitySocJust	David Michael Shaw	2021 Spring Quarter	2212	N	3	8	6	1	4			2						1	1				2		28
ANTH 110J	Emerging Humanity	David Allen Ingleman	2021 Spring Quarter	2212	N	16	7	7	1	4		2		1				4	3					1		46
ANTH 110Y	Feeding California	Brian Walter	2021 Spring Quarter	2212	N	3	7	4	3	2	2	2	1					1	8					1		34
ANTH 138	Political Anthro	April Lucille Reber	2021 Spring Quarter	2212	Y	6	9	1		4	1		3		1			5		3						33
ANTH 151	Ethnography Wrkshop	Alejandra Letelier Kramer	2021 Spring Quarter	2212	N	6	15	2	1	2		1						1		1				1		30
ANTH 170	His Archaeol Theory	Tsim D Schneider	2021 Spring Quarter	2212	N	4	5		2	5									1	2						19
ANTH 176F	Cal Archaeology	Tsim D Schneider	2021 Spring Quarter	2212	N	17	17		7	7		1	3						2					1		55
ANTH 177	Environmental Arch	Erendira M Quintana Morales	2021 Spring Quarter	2212	N		27	7	2	2	2		2			1		5	1							49
ANTH 179	Slavery in Atlantic	Gregory O'Malley; James C Monroe	2021 Spring Quarter	2212	Y	1	2	5	6	4	3		2		2			1	7	1	1					35
ANTH 180	Ceramic Analysis	Judith A Habicht Mauche	2021 Spring Quarter	2212	Y		1	4	3	1									1					1		11
ANTH 194V	Who Owns the Past?	Erendira M Quintana Morales	2021 Spring Quarter	2212	N		12			3		1														16
ANTH 196K	Settler Colonialism	Renya K Ramirez	2021 Spring Quarter	2212	N		16		1	1																18
ANTH 196Q	Property	Mark D Anderson	2021 Spring Quarter	2212	N	1	5	3	3	3									1							16
APLX 115	Language and Power	Julia Swan	2021 Spring Quarter	2212	N		7	2	3	3			2	1				3		1						22
APLX 135	Second Lang Teach	Donald Patrick Miller	2021 Spring Quarter	2212	N	3	7	5	3	2	1									1						22
APLX 136	L2 Assessment	Zsuzsanna Abrams	2021 Spring Quarter	2212	N	1	6	4		1								1	1							14
APLX 190	Research Sem APLX	Donald Patrick Miller	2021 Spring Quarter	2212	N	1	9	3	2	3	1								1							20
ARBC 3	Arabic: First Year	Abdelkader Berrahmoun	2021 Spring Quarter	2212	N		7												1		4					12
ART 10F	4D Foundation	Kristen Ling Gillette	2021 Spring Quarter	2212	N	19	67	14	10	12	3	3	3			1		6	12	4				7		161
ART 20G	Intro Print/Draw	Enrique Martinez Leal	2021 Spring Quarter	2212	N	2	2	5	4	7			1	1										2		24
ART 20I	Intro Photography	Kathleen Chris Perry	2021 Spring Quarter	2212	N		3	10	3	3										1				1		21
ART 20J	Intro Draw/Paint	Melissa Gwyn	2021 Spring Quarter	2212	N		12	3																		15
ART 20K	Intro New Media	Jennifer A Parker	2021 Spring Quarter	2212	N	1	17			1			1					2						1		23
ART 80E	Enviro Art Expanded	Jorge Mascarenhas Menna Barreto	2021 Spring Quarter	2212	N	24	109	20	12	10	4			1	1	4		5	6	1				2		199
ART 106O	2D Animation	Kristen Ling Gillette	2021 Spring Quarter	2212	N	27	40	8	7	10	4	2	2			1		5	16	4				1		127
ART 133	Abstract Painting	Frank R Galuszka	2021 Spring Quarter	2212	N	2	14	2	1			1	1			1										22
ART 137	Outdoor Paint Proj	Peter M Loftus	2021 Spring Quarter	2212	N		9	11					1					2						1		24
ART 152A	Photographic Book	Kathleen Chris Perry	2021 Spring Quarter	2212	N		2	13	1		1										1					18
ART 158	Adv Photography	Karolina Karlic	2021 Spring Quarter	2212	N	11		1													1					13
ART 169	Spec Topic Printmak	Sarah Sanford	2021 Spring Quarter	2212	N		3	4	2										1							10
ART 169	Spec Topic Printmak	Sarah Sanford	2021 Spring Quarter	2212	N	1	5	1		1								2								10
ART 180B	Sculpture II	Dana Thurmond Hemenway; Wendy Dee Hibbert-Jones	2021 Spring Quarter	2212	N	1	7	4	2	1																15
ART 189	SpecialTopicsSculpture	Sean M Monaghan	2021 Spring Quarter	2212	N		10	4	3	1																18
ART 190B	Senior Project	Jennifer A Parker; Maya Cecily Manvi	2021 Spring Quarter	2212	N	3	26																			29
ARTG 80I	Foundations of Play	Mirek James Stolee	2021 Spring Quarter	2212	N	10	56	13	5		1	1	2			1			3							92
ARTG 118	Char Creation in Games	Eduard Joseph Gregor	2021 Spring Quarter	2212	N	7	32	5	1	2			2					1	1	1						52
ARTG 120	Game Design Exp	Elizabeth A Swensen	2021 Spring Quarter	2212	N	68	34	5	1	10			2					1	1							122
ARTG 120	Game Design Exp	Hadiseh Gooranorimi	2021 Spring Quarter	2212	N	59	20	3	3	3	1								1	1						91
ARTG 145	Non-digital Game Des	Rosy Hearts	2021 Spring Quarter	2212	N	9	15												1							25
ARTG 172	Game Design III	Matthew R.F. Balousek; Mirek James Stolee	2021 Spring Quarter	2212	N	4	92	1	2	1																100
ASTR 1	The Cosmos	Alexie Leauthaud	2021 Spring Quarter	2212	N		26	14	12	9	13	12	7		1		2	2	57	5				2		162
ASTR 3	Planetary Systems	Ruth Murray-Clay	2021 Spring Quarter	2212	N	23	94	17	3	15	6	5	5	1			1	9	19	5				3		206
ASTR 16	Astrobio/Life/Universe	Natalie Batalha	2021 Spring Quarter	2212	N	1	7	12	10	9	7	5	2	4				6	14	1				2		80
ASTR 112	Physics of Stars	Ryan Joseph Foley	2021 Spring Quarter	2212	N	4	8	3	8	2	2	2	2	2		1		6		2				1		43
ASTR 119	Intro Sci Computing	Naor Movshovitz	2021 Spring Quarter	2212	N	5	3	1	1		2		3	1	1	2		1		1	1					22
ASTR 171	Genl Relativity	Wolfgang Altmannshofer	2021 Spring Quarter	2212	Y	1	3	2	1	6	5	1														19
BIOC 100C	Biochemistry	Hanns Hinrich Boeger	2021 Spring Quarter	2212	N	2	29	7	17	38	31	17	13					3		1				3		161
BIOC 110L	AdvBiochemLaboratory	Caileen Marie Brison	2021 Spring Quarter	2212	N		4	3	2	2			3													14
BIOE 16	Intro to Horticulture	Rachel Meyer	2021 Spring Quarter	2212	N		13												2							15
BIOE 20B	Developmt & Physiol	Robin Christine Dunkin	2021 Spring Quarter	2212	N		83	32	16	9	4	3	4					3								154
BIOE 20C	Ecology & Evolution	Baldo Branimir Marinovic	2021 Spring Quarter	2212	N	5	30	41	23	48	23	18	28		9	3		12	9	5				1		255
BIOE 107	Ecology	Eric P. Palkovacs	2021 Spring Quarter	2212	N	7	32	12	7	6	2	4	1			1		1	1							74
BIOE 109	Evolution	Giacomo Bernardi	2021 Spring Quarter	2212	N	23	33	9	22	17	13	7	1			2			2							129
BIOE 118	Plants and Society	Jarmila Pittermann	2021 Spring Quarter	2212	N		24	1	8	7	1	3	2						4					2		52
BIOE 120	Marine Botany	Kristen Kusic Heady	2021 Spring Quarter	2212	N	9	47						1													57
BIOE 120L	Marine Botany Lab	Kristen Kusic Heady	2021 Spring Quarter	2212	N	3	17			9								2								31
BIOE 120L	Marine Botany Lab	Kristen Kusic Heady	2021 Spring Quarter	2212	N	3	18			5								1								27
BIOE 125	Ecosystems of Calif	Erika S Zavaleta	2021 Spring Quarter	2212	Y	6	5	4	2	4	1							1								23
BIOE 128L	LrgMarineVertebField	Patrick William Robinson	2021 Spring Quarter	2212	N	1	11			2									2							16
BIOE 129	Biol Marine Mammals	Caroline Brett Casey; Dan Costa	2021 Spring Quarter	2212	N	1	32	16	17	19	6	6	7	2				3						2		111
BIOE 129L	Marine Mammals Lab	Caroline Brett Casey; Dan Costa	2021 Spring Quarter	2212	N	3	14	6	1	1		1	1													27
BIOE 129L	Marine Mammals Lab	Caroline Brett Casey; Dan Costa	2021 Spring Quarter	2212	N	3	14	1	1	2		1						1								23
BIOE 129L	Marine Mammals Lab	Caroline Brett Casey; Dan Costa	2021 Spring Quarter	2212	N	6	11	3	4	3		2														29
BIOE 133	Exercise Physiology	Lilian Patricia Carswell	2021 Spring Quarter	2212	N	2	7	4	5	3	4		1			1								1		28
BIOE 136	Enviro Physiology	Sarah McKay Strobel	2021 Spring Quarter	2212	N	17	13	7	4	3		1	2			1		2	1							51
BIOE 145	Plant Ecology	Ingrid Marie Parker	2021 Spring Quarter	2212	Y	1	8	6	11	6	3	2	2							1				2		42
BIOE 145L	Plant Ecology Field	Ingrid Marie Parker	2021 Spring Quarter	2212	N		3	3	5	2	1	1												1		16
BIOE 147	Community Ecology	Laurel R Fox	2021 Spring Quarter	2212	Y	2	5	3	3	5	1	6	1			2		1						3		32
BIOE 151A	Ecol Field Methods	Donald A Croll; Gage Hart Dayton	2021 Spring Quarter	2212	Y	3	10	3																		16
BIOE 151B	Ecol Fld Mthds Lab	Donald A Croll; Gage Hart Dayton	2021 Spring Quarter	2212	Y	3	10	3																		16
BIOE 151D	Conserv/Practice	Donald A Croll; Gage Hart Dayton	2021 Spring Quarter	2212	Y	7	7	2																		16
BIOE 172	Population Genetics	Grant Pogson	2021 Spring Quarter	2212	Y	2	10		1	2		3	1					2	2	1				1		25
BIOE 199F	Tutorial	Erika S Zavaleta	2021 Spring Quarter	2212	N		15												2	1						18
BIOE 215	Adv Seminar EEB	Eric P. Palkovacs; Stephan B Munch	2021 Spring Quarter	2212	N		9														12	1		1		23
BIOL 15	Research Reports	Theodore R Holman	2021 Spring Quarter	2212	N		10	4											2							16
BIOL 20A	Cell & Molecular Bi	Melissa S Jurica	2021 Spring Quarter	2212	N	11	26	27	21	77	32	19	41	9		13		17	2	7				7		309
BIOL 20L	Experimental Lab	James A Shanks	2021 Spring Quarter	2212	N	8	41	22	24	14	8	8	5			3		2	1					3		139
BIOL 88	Studies in Medicine	Grant A Hartzog	2021 Spring Quarter	2212	N	7	35	9	3			1	2						7					2		66
BIOL 100	Biochemistry	Douglas Kellogg	2021 Spring Quarter	2212	N	7	11	7	9	24	8	9	79	1		9			1	2				2		169
BIOL 101	Molecular Biology	Victoria A Stone	2021 Spring Quarter	2212	N	1	62	33	20	60	18	9	19	8	4	3	1	4	1	1						244
BIOL 101L	Molecular Bio Lab	James A Shanks	2021 Spring Quarter	2212	N	3	38	46	24	24	15	6	7			1		3						7		174
BIOL 104L	Corona Bioinform Lab	Jeremy Earl Kreher	2021 Spring Quarter	2212	N	2	17	13	16	18	9	6	8			3			1					1		94
BIOL 105	Genetics	Jeremy C Lee	2021 Spring Quarter	2212	N	5	17	18	13	23	12	14	33			7		8		6				6		162
BIOL 105	Genetics	Susan Strome	2021 Spring Quarter	2212	N	2	7		2	10	3	4	14			9		4		1				9		65
BIOL 110	Cell Biology	Guido Bordignon	2021 Spring Quarter	2212	N	5	45		4	28		1	9					1						3		96
BIOL 111B	Immunology II	Martha C Zuniga	2021 Spring Quarter	2212	N		6	2											2							10
BIOL 114	Cancer Cell Biology	Alan Mark Zahler	2021 Spring Quarter	2212	N	4	19	3	6	33	3	4	4					1	4	3						84
BIOL 118	Human Genetics	Olena Morozova	2021 Spring Quarter	2212	N	6	14	1	1	12	3	1	8	1	1				1	1				1		51
BIOL 120	DevelopmentalBiology	Zhu Wang	2021 Spring Quarter	2212	N	4	20	13	7	17	10		5						1	1				1		79
BIOL 124	Bioimaging	Yi Zuo	2021 Spring Quarter	2212	N		2	3	2			1							6		1			2		17
BIOL 126	Adv Molec Neurosci	Yi Zuo	2021 Spring Quarter	2212	N		10	10	12	20	11	3	4						1					1		72
BIOL 128	Dev Neuro	Bin Chen	2021 Spring Quarter	2212	N	1	3		3	2			1			1										11
BIOL 130	Human Physiology	Giulia Jale Gurun Gurun	2021 Spring Quarter	2212	N	2	3	1	9	8	3	4	9		1	1		5		1				4		51
BIOL 130L	Human Physiology Lab	Giulia Jale Gurun Gurun	2021 Spring Quarter	2212	N		1	5	2	6	4	2	10					2		1				2		35
BIOL 186L	Undergrad Rsrch MCD	Grant A Hartzog; William Sullivan	2021 Spring Quarter	2212	Y		8	2																1		11
BIOL 189	Health Sci Intrnshp	Lindsay Hinck	2021 Spring Quarter	2212	N	3	15	1																		19
BIOL 189W	Human Biology DC	Lindsay Hinck	2021 Spring Quarter	2212	N	3	1	9	4	3	3		1					1								25
BIOL 189W	Human Biology DC	Jeremy Earl Kreher	2021 Spring Quarter	2212	N	18	25	26	12	1	1		4					2						1		90
BIOL 289	Practice of Science	Douglas Kellogg	2021 Spring Quarter	2212	N		17														31					48
BME 51B	Appl Electronics 2	Kevin Karplus	2021 Spring Quarter	2212	N				1	5	6	10	13				1			1						37
BME 80H	The Human Genome	Wendy Faye Rothwell	2021 Spring Quarter	2212	N	1	9	1	3	10	2	3	5			1		2	5	5						47
BME 105	Genetics/Genomics	Massa Shoura	2021 Spring Quarter	2212	N		20			11			11			3										45
BME 110	Comp Bio Tools	Joshua M Stuart	2021 Spring Quarter	2212	N	17	7	6	4	6	4	2	5	1				1	9	1				2		65
BME 128L	Protein Eng lab	Rebecca M Dubois	2021 Spring Quarter	2212	N	3	13	3	1	3		1		1					4							29
BME 160	ResBioProgramming	David Lee Bernick	2021 Spring Quarter	2212	N		15	6	6	8	4	4	3			2	3	3		3				3		60
BME 163	Data Visualization	Russell Corbett-Detig	2021 Spring Quarter	2212	Y	23	36	8	2	2								1	1	2						75
BME 177	Engr Stem Cells	Ali Shariati	2021 Spring Quarter	2212	N	6	7	20	3															1		37
BME 237	RNA Bioinformatics	Angela Brooks	2021 Spring Quarter	2212	N	5	7			1										1	8					22
BME 280B	Bioinform/Bioeng Sem	Daniel Kim	2021 Spring Quarter	2212	N														4		22					26
CHEM 1A	General Chemistry	Aura Alegra Eroy-Reveles	2021 Spring Quarter	2212	N		68	7	16	19	5	19	34	2		7		30	13	8				9		237
CHEM 1B	General Chemistry	Rachel Ann Snelling	2021 Spring Quarter	2212	N	74	89	56	33	29	19	6	20							1				4		331
CHEM 1C	General Chemistry	Peter Scott Weiss	2021 Spring Quarter	2212	N	131	135	48	43	28	16	19	11			2		8	1	4				2		448
CHEM 1M	Gen Chem Lab	Randa Elaine Pfeifer Roland	2021 Spring Quarter	2212	N		163	20	7	10	2	2	2					4	1	1				5		217
CHEM 1N	Gen Chem Lab	Randa Elaine Pfeifer Roland	2021 Spring Quarter	2212	N		350	15	3	11	3	6	3			3		2	2	2				3		403
CHEM 8B	Organic Chemistry	Bakthan Singaram	2021 Spring Quarter	2212	N	6	42	38	77	76	79	59	27					12	1	6				12		435
CHEM 8M	Organic Chem Lab	Rachel Ann Snelling	2021 Spring Quarter	2212	N	152	23	13	4	2	1	1						2		1				1		200
CHEM 103	Biochemistry	Caileen Marie Brison	2021 Spring Quarter	2212	N		22	11	3	5	2	2									1					46
CHEM 109	Org Chem:Apps to Bio	Caitlin Maria Binder	2021 Spring Quarter	2212	N	16	59		1	1									1							78
CHEM 110	IntermedOrganicChem	Shaun M Mckinnie	2021 Spring Quarter	2212	N	3	9	6	6	7	6	3	8			2				1				3		54
CHEM 110L	Int OrganicChem Lab	Caitlin Maria Binder	2021 Spring Quarter	2212	N	7	36	5	6	2	3															59
CHEM 146B	Adv Lab Inorganic	Scott R Oliver	2021 Spring Quarter	2212	N	5	3	2		1								1								12
CHEM 146C	Adv Lab Physical	Yat Li	2021 Spring Quarter	2212	N	3	4	5				2														14
CHEM 151B	Main Group Elements	Timothy C Johnstone	2021 Spring Quarter	2212	N	2	11			1											1					15
CHEM 163C	Stat Thermo & Kinetics	Alex Ayzner	2021 Spring Quarter	2212	N		21	6	12	9	5	2	1			1		1	1							59
CHEM 169	Drug Design/Discvry	Robert Scott Lokey	2021 Spring Quarter	2212	N	10	16	1			1							3		1						32
CHEM 242C	Spctroscpy Analytics	John MacMillan	2021 Spring Quarter	2212	N		8	2													1					11
CHIN 3	Chinese: First Year	Jing Wu	2021 Spring Quarter	2212	N	3	7	1		1									2	1				1		16
CHIN 3	Chinese: First Year	David L Keenan	2021 Spring Quarter	2212	N		5	4			1										1					11
CHIN 6	Chinese: Second Year	Ting-Ting Wu	2021 Spring Quarter	2212	N	16	6									1		1		1						25
CHIN 108	Chinese: Classcal	Ting-Ting Wu	2021 Spring Quarter	2212	N	13	10	4	1		2								1							31
CHIN 108	Chinese: Classcal	Ting-Ting Wu	2021 Spring Quarter	2212	N	14	10	2		1				1												28
CLNI 140	Designing Your Life	Remy Franklin	2021 Spring Quarter	2212	Y		8	3	2	2																15
CLTE 95	Nonviolent Comm	Caren Elise Camblin	2021 Spring Quarter	2212	N	5	13			2									2							22
CLTE 135	Apprentice Comm Rsrch	Sheeva Melodie Sabati	2021 Spring Quarter	2212	N		16	5	2	1	1															25
CLTE 140	Designing Your Life	Remy Franklin	2021 Spring Quarter	2212	Y		5	2		1						1			3	1				1		14
CMMU 30	NumbersSocialJustice	Andrea Steiner	2021 Spring Quarter	2212	N	3	4	11	5	7	6		1						7	1						45
CMMU 102	Prep Field Studies	Elliott Oakley	2021 Spring Quarter	2212	N		13	10	2	5	1		2					2								35
CMMU 133	Making California	Julie H Guthman	2021 Spring Quarter	2212	N		6	5	3	10	1		4					1	2	1		1				34
CMMU 160	Public Health	Barbara Ann Garcia	2021 Spring Quarter	2212	N	7	13	9	2	1																32
CMPM 27	Substance Painter	Christopher Yonge	2021 Spring Quarter	2212	N	6	13	6	2	2			1							1						31
CMPM 80K	FoundationsGameDesgn	Tad Ander Leckman	2021 Spring Quarter	2212	N		247	21	6	9	1		1	1				3	7	2				1		299
CMPM 120	Game Develop Exp	Adam Marshall Smith	2021 Spring Quarter	2212	N		56	37	10	6	3		1	1	1		1	3	3							122
CMPM 120	Game Develop Exp	Nathan Altice	2021 Spring Quarter	2212	N	33	26	15	4	2	4	2	1						3	1						91
CMPM 152	Musical Data	Brian M Hansen	2021 Spring Quarter	2212	N	2	15	8		3								2	1	1						32
CMPM 169	Creative Coding	Oskar Elek	2021 Spring Quarter	2212	N	10	23			4			1					2	2		1			6		49
CMPM 172	Game Design III	Tad Ander Leckman	2021 Spring Quarter	2212	N	4	60			1			1													66
CMPM 172	Game Design III	Michael B John	2021 Spring Quarter	2212	N	3	23																			26
CMPM 177	Creative Strategies	Katherine C Isbister	2021 Spring Quarter	2212	N	46	9	1	1										1							58
CMPM 248	Inter Storytelling	Michael J Mateas	2021 Spring Quarter	2212	N		3														13					16
COWL 11C	Leader Intelligence	Miranda Allen-Brower	2021 Spring Quarter	2212	N	6	8	2	1	1	3								3					1		25
COWL 12	Public Speaking	Catherine Marie Carlstroem	2021 Spring Quarter	2212	N		2	4	5	2									3					1		17
COWL 89	Fac Research Colloq	David Draper	2021 Spring Quarter	2212	N		154			11								1	20	1				1		188
COWL 111	Mock Trial Workshop	Caitlin Marie Stinneford	2021 Spring Quarter	2212	N		30	2		1	2		1					1	1							38
COWL 122	UN-Contemporary Issues	Caitlin Marie Stinneford	2021 Spring Quarter	2212	Y		18	6											4	1						29
COWL 168	Social Change	Caitlin Marie Stinneford	2021 Spring Quarter	2212	N	2	35	2	1	2	1							1	1							45
COWL 175T	Memory in the Americas	Gabriela Segura	2021 Spring Quarter	2212	Y	4	2								1				2					1		10
COWL 184B	Leadership & Instit	Caitlin Marie Stinneford	2021 Spring Quarter	2212	N		32	2	2	2			1						2							41
COWL 198	Indep Field Study	Alan S Christy	2021 Spring Quarter	2212	N		8	2	1	1																12
CRES 13	Calif Indian History	Caitlin A Keliiaa	2021 Spring Quarter	2212	Y	2	11	5	2	2	1	1	2						3							29
CRES 45	Pilipinx Hist Dial	Neel K Ahuja	2021 Spring Quarter	2212	N														48	2				1		51
CRES 101	CRES Resrch Methods	Jennifer Lynn Kelly	2021 Spring Quarter	2212	N	9	10	12	5	2			1					2	4					1		46
CRES 131	Black Freedom Movemnts	Xavier Livermon	2021 Spring Quarter	2212	N	2	16	1	3	2	1	1	2					3	2	1				3		37
CRES 188X	Topics in CRES	Anny L Mogollón	2021 Spring Quarter	2212	N	4	7	2		1								1	1							16
CRES 190L	Comp Colonial Studies	Jennifer Lynn Kelly	2021 Spring Quarter	2212	Y	1	2	1	3	1									1	1						10
CRSN 10	Academic Success	Lindsay Elizabeth Knisely	2021 Spring Quarter	2212	N		2	5	6	5	1	1						2								22
CRSN 15	STEM Jump Start	Stella Hein	2021 Spring Quarter	2212	N		15			3			1			1			3							23
CRSN 55	Service Learning	Susan Allen Watrous	2021 Spring Quarter	2212	N	1	12	4	1										1	1						20
CRSN 61	Sustainable Living	Sue A Carter	2021 Spring Quarter	2212	Y	1	32	3	2	2				1				1	3					2		47
CRSN 80H	ClimateChangeSolutions	Les Guliasi	2021 Spring Quarter	2212	Y		2	1	4	1	1								2							11
CRSN 82	Enviro&Soc in Film	Neil Schaefer	2021 Spring Quarter	2212	N	1	6	15	5	1									3							31
CRSN 122	UN-Contemporary Issues	Caitlin Marie Stinneford	2021 Spring Quarter	2212	Y		22	2		1				2			1							4		32
CRSN 152	IDEASS Lab	Tamara Bethune Ball	2021 Spring Quarter	2212	N		2	2	1	3									4							12
CRSN 161	Sustainable Living	Sue A Carter	2021 Spring Quarter	2212	Y	3	16	1	2			1						1	1							25
CRWN 70	Intro to Radio	Shay Leigh Stoklos	2021 Spring Quarter	2212	N	1	3	1	2	1	1		1	1				1	2		1					15
CRWN 70L	Radio Production	Shay Leigh Stoklos	2021 Spring Quarter	2212	N	1	6			2		1	2						1	1	1					15
CRWN 80F	Science Fiction	Dion N Farquhar	2021 Spring Quarter	2212	N	4	8	1	1	3		1	1					4	1							24
CRWN 92	Soc/Creative Entrepr	Nada Miljkovic; Peter Joseph Koht	2021 Spring Quarter	2212	N	9	19																	1		29
CRWN 95	Business Assistance	Nada Miljkovic	2021 Spring Quarter	2212	N	9	1	4																		14
CRWN 97B	CAEVET Internship	Linda MacDonald Glenn	2021 Spring Quarter	2212	N	3	6												1							10
CRWN 185	Career&Internship	Caitlin Marie Stinneford	2021 Spring Quarter	2212	N		111	6	2	4		1		1				3	6	4				4		142
CSE 3	Personal Computers	Gerald Bennett Moulds	2021 Spring Quarter	2212	N		358		9	9		3	7					2	10	6	1			1		406
CSE 12	Com Sys/Assmbly Lan	Sagnik Nath	2021 Spring Quarter	2212	N	35	149	33	39	84	27	8	15	2	4	7		23	3	15				10		454
CSE 12L	Comp Sys/Lang Lab	Sagnik Nath	2021 Spring Quarter	2212	N	35	149	33	39	84	27	8	16	2	4	7		25	2	14				9		454
CSE 13E	Embedded Systems&C	Maxwell James Dunne	2021 Spring Quarter	2212	N	5	13	10	7	18	11	6	8			2		13	1	13				8		115
CSE 13S	Comp Sys and C Prog	Darrell D. E. Long	2021 Spring Quarter	2212	N	3	6	43	36	22	41	14	13	1				24	3	24				36		266
CSE 16	Appl Discrete Math	Martine Schlag	2021 Spring Quarter	2212	N	11	43	24	39	55	48	24	18	14		4		6	3	13				9		311
CSE 20	Beginning Python	Yongwhan Lim	2021 Spring Quarter	2212	N	77	18	1	4	2	2	2	12					10	12	11				7		158
CSE 20	Beginning Python	Larissa A Munishkina	2021 Spring Quarter	2212	N	20	45	8	9	24	11	4	22			8		11	13	7	1			8		191
CSE 20	Beginning Python	Ryan David Hausen	2021 Spring Quarter	2212	N		23	10	13	5	3	5	5	2	2	1		6	6	8				7		96
CSE 30	Prog Abs Python	Jeffrey Bergamini	2021 Spring Quarter	2212	N	30	16	7	12	12	13	8	7	7	5	4	5	22	13	21				12		194
CSE 30	Prog Abs Python	Patrick Tantalo	2021 Spring Quarter	2212	N	26	41	22	10	19	12	8	8		4		1	19	2	9				10		191
CSE 40	ML Basics	Lise Getoor	2021 Spring Quarter	2212	N	2	11	9	5	11	3	1	1						4	5				1		53
CSE 50	Business Inf System	Paul Hubert Francis Vroomen	2021 Spring Quarter	2212	N	9	21	15	15	12	3	4	2					6	11	5				2		105
CSE 80N	Intro to Networking	Chen Qian	2021 Spring Quarter	2212	N	14	35	14	13	25	5	7	5	3			1		14	6				5		147
CSE 100	Logic Design	Sagnik Nath	2021 Spring Quarter	2212	N	10	28	13		6	3		6	1				2		5				9		83
CSE 100L	Logic Design Lab	Sagnik Nath	2021 Spring Quarter	2212	N	10	28	13		6	3		6	1				3		4				9		83
CSE 101	Data Structs & Algs	Alex Pang	2021 Spring Quarter	2212	N	13	18	23	17	19	10	4	5	2				8	1	2				1		123
CSE 101	Data Structs & Algs	Patrick Tantalo	2021 Spring Quarter	2212	N	10	12	8	8	18	12	6	10	1	2	1	1	7		7				10		113
CSE 102	Intro Algorthm Anyl	Allen Van Gelder	2021 Spring Quarter	2212	N	4	6	6	12		1	1	1							2				1		34
CSE 102	Intro Algorthm Anyl	Suresh K Lodha	2021 Spring Quarter	2212	N	9	8	6	16	12	9	9	9					2		1				14		95
CSE 103	Computational Models	Delbert Dean Bailey	2021 Spring Quarter	2212	N		10			44			40			9		5		7				9		124
CSE 104	Computability	Allen Van Gelder	2021 Spring Quarter	2212	N	1	2						3				1	1		1				1		10
CSE 107	Probability/Stats	Jose J Garcia-Luna-Aceves	2021 Spring Quarter	2212	N	69	23	31	21	8	3	2	4					1	1	1				2		166
CSE 111	Adv Programming	Wesley F Mackey	2021 Spring Quarter	2212	N	9	36	27	17	11	7	1	1					3	1	9				7		129
CSE 112	Compar Prog Lang	Wesley F Mackey	2021 Spring Quarter	2212	N	17	39	52	53	26	9	5	4		4	1	5	3		9				18		245
CSE 113	Parallel Programing	Tyler Sorensen	2021 Spring Quarter	2212	N	8	22	10	7	17	2	5	8		1				1	2				4		87
CSE 115A	Intro Software Eng	Richard K Jullig	2021 Spring Quarter	2212	N	15	68	5	3	2																93
CSE 115C	Software Design II	Richard K Jullig	2021 Spring Quarter	2212	N	8	6																			14
CSE 120	Computer Architect	Jose Renau Ardevol	2021 Spring Quarter	2212	N	27	51	51	49	26	13		4			4		3	2	5				9		244
CSE 121	Embedded System Design	Anujan M Varma	2021 Spring Quarter	2212	N	3	15	5	4	6	5		2			1		4		2				3		50
CSE 123B	Engr Design Proj II	David Charles Harrison	2021 Spring Quarter	2212	N	6	31	21	6																	64
CSE 125	Log Desgn W/Verilog	Heiner Litz; Satnam Singh	2021 Spring Quarter	2212	Y	9	13	6	1	3		1			1			1	2					1		38
CSE 130	Prin Comp Sys Dsgn	David Charles Harrison	2021 Spring Quarter	2212	N		8	22	20	19	18	15	10	1				11		6				3		133
CSE 130	Prin Comp Sys Dsgn	Katia Obraczka	2021 Spring Quarter	2212	N	3	6	13	25	22	6	11	7			5		9	1	6				10		124
CSE 134	Embedded OS	Ethan L Miller	2021 Spring Quarter	2212	N	3		3	1	3	1	3	4						8	1				3		30
CSE 138	Distributed Systems	Lindsey Kuper	2021 Spring Quarter	2212	N		10	18	16	20	7	3	1						9					2		86
CSE 144	Applied ML	Cihang Xie	2021 Spring Quarter	2212	N	6	53	10	7	7	2	8	1	2				1	2	3				6		108
CSE 150	Intro Comp Networks	Christina Leigh Parsa	2021 Spring Quarter	2212	N	7	30	10	14	20	6	8	6			3		3	4	6				3		120
CSE 150L	Int Comp Net Lab	Christina Leigh Parsa	2021 Spring Quarter	2212	N	7	30	10	15	20	6	8	7			3		3	2	7				3		121
CSE 151	Adv Computer Net	Richard Michael Jude Graziani	2021 Spring Quarter	2212	N	24	14	1	1	1	1			1					1							44
CSE 151L	Adv Computer Net Lab	Richard Michael Jude Graziani	2021 Spring Quarter	2212	N	34	5	1		1	1								1	1				1		45
CSE 160	Intro Comp Graphics	Alex Pang	2021 Spring Quarter	2212	N	4	6	8	21	6	8	4	1	2				1	8	5				4		78
CSE 160L	Comp Graphics Lab	Alex Pang	2021 Spring Quarter	2212	N	4	6	8	23	6	8	4	1	2				2	6	5				4		79
CSE 167	Mobile S.I.	Roberto Manduchi	2021 Spring Quarter	2212	N	2		2	2	2	1	3				2			1	1				2		18
CSE 170	Mgmt Of Tech Seminr	Subhas Desa	2021 Spring Quarter	2212	N	4	106	13	2	1								1	8	1				1		137
CSE 175	Bus Strat/Info Syst	David Lee	2021 Spring Quarter	2212	N	12	40	34	20	10	5	3	3					2	2	1						132
CSE 181	Database Systems II	Sheldon Finkelstein	2021 Spring Quarter	2212	N	3	2	8	4	2	4	4	1						2	1				3		34
CSE 182	Intro Database Mgmt	Sheldon Finkelstein	2021 Spring Quarter	2212	N	3	8	22	33	13	13	16	8			3		5	1	2				1		128
CSE 183	Web Applications	Luca De Alfaro	2021 Spring Quarter	2212	N	20	51	20	25	28	10	2	1					5	6					1		169
CSE 185E	Tech Writ Comp Engs	Gerald Bennett Moulds	2021 Spring Quarter	2212	Y		28	7	1	3			2					2		1						44
CSE 185S	Tech Writ Comp Engs	Gerald Bennett Moulds	2021 Spring Quarter	2212	Y		66	21	6	5			4											1		103
CSE 202	Combinatorial Algor	Seshadhri Comandur	2021 Spring Quarter	2212	N	2	2	1	1	3								1			2	1		1		14
CSE 210A	Programming Languag	Cormac A Flanagan	2021 Spring Quarter	2212	N	4	7	4	3	3																21
CSE 235	CPS Security	Alvaro A Cardenas	2021 Spring Quarter	2212	N	1	13											1			5					20
CSE 247	Projects in AI	Narges Norouzi	2021 Spring Quarter	2212	N		5			4								1				1				11
CSE 264	Computer Vision	Roberto Manduchi	2021 Spring Quarter	2212	N		4		1		2		1					1			2			1		12
CSE 280S	Seminar Comp Syst	Darrell D. E. Long; Heiner Litz	2021 Spring Quarter	2212	N		2														10					12
CSE 280Z	Natural Lang Process	Marilyn A Walker	2021 Spring Quarter	2212	N	2					1										8					11
CSE 285	Tech Writ Engr Grad	Tracy Larrabee	2021 Spring Quarter	2212	N		4	1	1												5					11
CSE 290T	ComputingForSociety	Yang Liu	2021 Spring Quarter	2212	N	7	4	2	1									1			1					16
CSE 293	Adv Topics in CSE	Scott Beamer	2021 Spring Quarter	2212	N	1	5			1								1						3		11
EART 1	Oceanography	Gary B Griggs	2021 Spring Quarter	2212	N	1	17	6	18	37	19	23	21	7		2		9	55	4				3		222
EART 8	Planetary Discovery	Xi Zhang	2021 Spring Quarter	2212	N	7	12	13	16	3	5	5						5	28	1				2		97
EART 20	Environmental Geolo	Slawomir M Tulaczyk	2021 Spring Quarter	2212	N	8	12	35	17	18	6	2	3		1			2	5	2				1		112
EART 20L	Envirnmtl Geolgy Lb	Slawomir M Tulaczyk	2021 Spring Quarter	2212	N	9	11	7	3	2			1						1					1		35
EART 20L	Envirnmtl Geolgy Lb	Slawomir M Tulaczyk	2021 Spring Quarter	2212	N	1	8	4	2	1	1															17
EART 20L	Envirnmtl Geolgy Lb	Slawomir M Tulaczyk	2021 Spring Quarter	2212	N		11	6	3	1								1	1							23
EART 106	Coasts in Crisis	Gary B Griggs	2021 Spring Quarter	2212	N	10	44		10	17			2					2								85
EART 109	Field Geology	Hilde L Schwartz	2021 Spring Quarter	2212	N		3	3	3	3	4	1	3					1	1	1						23
EART 109L	Field Geology Lab	Hilde L Schwartz	2021 Spring Quarter	2212	N	1	2	2	1	4									1							11
EART 109L	Field Geology Lab	Hilde L Schwartz	2021 Spring Quarter	2212	N		3	3	1	3	1					1		1								13
EART 110B	Earth as Chem Systm	Elise Knittle	2021 Spring Quarter	2212	N		8		5	13		1	11			9		6	2					2		57
EART 120	Sedimntlgy&Strtgrph	Matthew E Clapham	2021 Spring Quarter	2212	N		6	3	1	1	2		2					3	2	2	1			1		24
EART 120L	Sedmen&Stratgpy Lab	Matthew E Clapham	2021 Spring Quarter	2212	N		9	3				1						1			1					15
EART 124	Model Earth Climate	Nicole A Feldl	2021 Spring Quarter	2212	N		4	1	1	2	2		2					1	2	1				1		17
EART 140	Geomorphology	Noah J Finnegan	2021 Spring Quarter	2212	N		5	1	2	3		1	3					2						1		18
EART 140L	Geomorphology Lab	Noah J Finnegan	2021 Spring Quarter	2212	N		2	1	1	2			1					2						1		10
EART 146	Groundwater	Andrew T Fisher	2021 Spring Quarter	2212	N	1	6	1	3	4	1	3	6					5			1			2		33
EART 164	Planetary Atmospheres	Xi Zhang	2021 Spring Quarter	2212	Y	1	3	1	1	2	3	1							1					1		14
ECE 10	Kinematics&Dynamics	Alexey Alexander Munishkin	2021 Spring Quarter	2212	N		9	11	7	1	2		1						1					1		33
ECE 80B	Medical Innovations	Shiva Abbaszadeh	2021 Spring Quarter	2212	N	7	10	4	4	4	3	2	2	1					5					3		45
ECE 80H	ClimateChangeSolutions	Les Guliasi	2021 Spring Quarter	2212	Y	1	3	1	2	1	1		1													10
ECE 103	Signals & Systems	Zouheir Rezki	2021 Spring Quarter	2212	N	4	14	10	15	15	23	17	28			3	3	5	1	1				4		143
ECE 103L	Signals Systems Lab	Zouheir Rezki	2021 Spring Quarter	2212	N		75	23	8	8	3	3	3	4				6						3		136
ECE 104	Bioelectronics	Marco A Rolandi	2021 Spring Quarter	2212	Y	7	3	3	4	1	1									2				2		23
ECE 129C	Capstone Project III	Stephen C Petersen	2021 Spring Quarter	2212	N	1	1	4	6	14	6	10	5	3	1											51
ECE 129C	Capstone Project III	Tela Favaloro	2021 Spring Quarter	2212	N			1	2	8	2	3	3													19
ECE 135	Elecromag Flds&Wavs	Ahmet Yanik	2021 Spring Quarter	2212	N	32	1	2		2		1		1												39
ECE 135L	Electromag Lab	Ahmet Yanik	2021 Spring Quarter	2212	N	12	19	2	2	2				1	2											40
ECE 136	Eng Electromagnetcs	Keith Corzine	2021 Spring Quarter	2212	N	1	2	4	2	1		2	1					1								14
ECE 163	UAV Model and Control	Maxwell Nathan Lichtenstein	2021 Spring Quarter	2212	Y	11	9	11	2	2	1	1		1				3		2						43
ECE 167	Sensing & Sensor Tech	Maxwell James Dunne	2021 Spring Quarter	2212	N	4	31	5	1	3	1							2	1					4		52
ECE 173	Hi-Spd Digtl Design	Stephen C Petersen	2021 Spring Quarter	2212	N		1	2	4	4		1			1				1	1						15
ECE 177	Power Electronics	Keith Corzine	2021 Spring Quarter	2212	N			1	4	4	1		1					2						2		15
ECE 177L	Power Electronics Lab	Keith Corzine	2021 Spring Quarter	2212	N			11										2						2		15
ECE 180J	Adv Renewable Energy	Yu Zhang	2021 Spring Quarter	2212	N	1	16	20	8	3	1	1												1		51
ECE 204	Bioelectronics	Marco A Rolandi	2021 Spring Quarter	2212	Y	2		3		1											5					11
ECE 244	Digital Control	Steve McGuire	2021 Spring Quarter	2212	N		6	1	1	1	2										4					15
ECE 245	Estim Stochastic Proc	Dejan Milutinovic	2021 Spring Quarter	2212	N	2	4	1	3	1										1				1		13
ECON 1	Intro Microeconomic	Kwok-Chiu Fung	2021 Spring Quarter	2212	N	25	45	7	66	46	16	32	8	7	9			8	26	4				5		304
ECON 2	Intro Macroeconomic	Julie H Gonzalez	2021 Spring Quarter	2212	N	1	26	25	26	24	26	49	45	2		5		16	12	10				5		272
ECON 10B	Econ of Accounting	Kevin K Jones	2021 Spring Quarter	2212	N		13	5	7	15	4	4	17		3	2		2	10	7				8		97
ECON 11B	Math Methds Econ II	Jonathan Rice Katznelson	2021 Spring Quarter	2212	Y		1		1	1	3		3							1						10
ECON 100A	Intermed Microecon	Rongchen Liu	2021 Spring Quarter	2212	N	5	8	1	6	2	4	3	5	3					4							41
ECON 100A	Intermed Microecon	Dongwan Choo	2021 Spring Quarter	2212	N	3	1	6	3	6	7	7	4			2				2						41
ECON 100A	Intermed Microecon	Kristian M Lopezvargas	2021 Spring Quarter	2212	N	4	8	27	19	22	7	13	2	1				1	7	1				2		114
ECON 100B	Intermed Macroecon	Alonso A Villacorta	2021 Spring Quarter	2212	N	17	17	10	6	21	8	3	16	4		3		4	5	3				1		118
ECON 100B	Intermed Macroecon	Michael M Hutchison	2021 Spring Quarter	2212	N	4	5		7	4	1	3	9			7		3	4	3				1		51
ECON 101	Managerial Econ	Julie H Gonzalez	2021 Spring Quarter	2212	N	1	4	7	3	3	5	5	12			1		2	11	3						57
ECON 104	Numbr Truth: Statis	Carlos Eduardo Dobkin	2021 Spring Quarter	2212	N	9	10	12	12	9	8	4	1					7	7	3				3		85
ECON 105	Topics in Macro	Kenneth M Kletzer	2021 Spring Quarter	2212	N	1	3	4	1	2									1							12
ECON 110	Managerl Cost Acct	Maria Bullen	2021 Spring Quarter	2212	N	56	37	8	8	9	3	1	1					1	1	2						127
ECON 111C	Intermed Account III	Scott Anderson	2021 Spring Quarter	2212	N	2	9	2	4	7	5	5	1			1			1	1						38
ECON 113	Intro Econometrics	Brenda Samaniego de la Parra	2021 Spring Quarter	2212	N	6	15	20	10	18	15	16	3			3		3	5	7				3		124
ECON 113	Intro Econometrics	Aaron Gregory Meininger	2021 Spring Quarter	2212	N		1	3	16	10	20	10	22	4	1	3	2	7	3	2				4		108
ECON 115	Intr Management Sci	Robert Brian Baden	2021 Spring Quarter	2212	N	9	6	11	8	2	6	7							6	1				3		59
ECON 116	AdvTopicsAcctgEthic	Kevin K Jones	2021 Spring Quarter	2212	N		23	2	3	3			1	1												33
ECON 119	Advanced Accounting	Sudhindra Kankanwadi	2021 Spring Quarter	2212	N	1	3	8	8	7				1					1							29
ECON 121	Economic Growth	WEISHI GU	2021 Spring Quarter	2212	N	4	10	6	10	14	4	4		1				1	7					1		62
ECON 125	Econ History Of US	Aaron Gregory Meininger	2021 Spring Quarter	2212	N		9	17	13	5	3	4	4					1	3							59
ECON 133	Security Markets	Kai Pommerenke	2021 Spring Quarter	2212	N	13	15	20	16	12	10	5	4	3		2		5	7	2				3		117
ECON 140	International Trade	Gueyon Kim	2021 Spring Quarter	2212	N	6	8	6	9	9	8	4	2						10	3						65
ECON 143	InternatnlEconPolicy	Galina B Hale	2021 Spring Quarter	2212	N	2	9	4	6	3	2		1						6					1		34
ECON 149	East&Southeast Asia	Kwok-Chiu Fung	2021 Spring Quarter	2212	N	29	54	18	11	5	2	2	1						8							130
ECON 150	Public Finance	Justin Marion	2021 Spring Quarter	2212	N		2		1	5		1	2					4	1					1		17
ECON 161A	Marketing	Stephen Arthur Owen	2021 Spring Quarter	2212	N	1	18	31	18	18	3	2				1			13							105
ECON 194B	Adv Bsns Prof Devlp	Kevin K Jones	2021 Spring Quarter	2212	N		29		1	2						1		1	1							35
ECON 197	Economic Rhetoric	Aaron Gregory Meininger	2021 Spring Quarter	2212	N		1	5	2	6	3	8	1			1		2	5					1		35
ECON 197	Economic Rhetoric	Subhra Saha	2021 Spring Quarter	2212	N	1	16	3	2	1	4		1	1				1	3					1		34
ECON 201	Applic In Microecon	Justin Marion	2021 Spring Quarter	2212	N	2	9	2	1	9								1			12	7				43
ECON 231	Intl Fin Mgmt	Chenyue Hu	2021 Spring Quarter	2212	N	2	1	6	6	3											9	1				28
ECON 236	Finance Engineering	Kai Pommerenke	2021 Spring Quarter	2212	N	3	7	8	3	4	1	2									9	4				41
ECON 294A	Applied EconFin Lab	Anirban Sanyal	2021 Spring Quarter	2212	N		8		1	1								1			5					16
EDUC 10	Intro to Learning	Kip T Tellez	2021 Spring Quarter	2212	N	23	18	13	18	9	4	2	2					2	20	1						112
EDUC 60	Schooling, Dem. & Jus.	Sheeva Melodie Sabati	2021 Spring Quarter	2212	N		57	59	20	15	6	3	1					1	20	1				1		184
EDUC 110	Ed, Dem, and Movements	Ronald Glass	2021 Spring Quarter	2212	N		7	20	7	6	1		1					1	1	2						46
EDUC 120	Aesthtc Educ Theory	Kathie R Kratochvil	2021 Spring Quarter	2212	N		32	4		1	1		1			1		2	3							45
EDUC 125	Children's Lit	Alisun Opal Thompson-Schrank	2021 Spring Quarter	2212	N	9	18	10	5	2									3							47
EDUC 166	Tech and Education	Nolan Higdon	2021 Spring Quarter	2212	N	20	4	7	6		1		3					1	1							43
EDUC 181	Race, Class, Cultur	Amanda Lashaw	2021 Spring Quarter	2212	N	3	16	6	4	4		1		2					6	1				1		44
EDUC 185C	Intro Teach Science	Joyce Hill	2021 Spring Quarter	2212	N	20	11	1										1	3					1		37
EDUC 185L	Intro:Cal Teach 3	Molly Shaw	2021 Spring Quarter	2212	N		8	3				1														12
EDUC 190	Senior Sem Capstone	Eduardo Mosqueda	2021 Spring Quarter	2212	N		34	3											3							40
EDUC 202A	Adv Student Teach	Johnnie Brooks Wilson	2021 Spring Quarter	2212	N		4														9					13
EDUC 202A	Adv Student Teach	Danna Moreno	2021 Spring Quarter	2212	N		3														9					12
EDUC 202A	Adv Student Teach	Jennifer Jones Hinz	2021 Spring Quarter	2212	N		4														12					16
EDUC 202B	Adv Student Teach	Johnnie Brooks Wilson	2021 Spring Quarter	2212	N		4														9					13
EDUC 202B	Adv Student Teach	Danna Moreno	2021 Spring Quarter	2212	N		3														9					12
EDUC 202B	Adv Student Teach	Jennifer Jones Hinz	2021 Spring Quarter	2212	N		4														12					16
EDUC 202C	Adv Student Teach	Johnnie Brooks Wilson	2021 Spring Quarter	2212	N		4														9					13
EDUC 202C	Adv Student Teach	Danna Moreno	2021 Spring Quarter	2212	N		3														9					12
EDUC 202C	Adv Student Teach	Jennifer Jones Hinz	2021 Spring Quarter	2212	N		4														12					16
EDUC 212C	Biling&Biliteracy:C	Janet Rachel Johns	2021 Spring Quarter	2212	N	1	3														9					13
EDUC 214	Contemp Issues Educ	Kip T Tellez	2021 Spring Quarter	2212	N		13														49					62
ENVS 19	Topics in Nat Hist	Christian Fernando Schwarz	2021 Spring Quarter	2212	N	5	5																			10
ENVS 23	Physcl & Chem Envir	Elliott Campbell	2021 Spring Quarter	2212	N		11	16	22	11	7	5	2	4	2	1	1	7	14	1				4		108
ENVS 80F	Intro to Agroecology	Damian Michael Parr	2021 Spring Quarter	2212	N	70	12	3	3		1	1	1	1				2	2	1						97
ENVS 100	Ecology and Society	Emily Murai	2021 Spring Quarter	2212	N	1	39	15	5	6			2					3	2	2				2		77
ENVS 100L	Ecol & Soc Writ Lab	Emily Murai	2021 Spring Quarter	2212	N	1	8	2	2	1		1	1	1				1						1		19
ENVS 100L	Ecol & Soc Writ Lab	Emily Murai	2021 Spring Quarter	2212	N		4	5	2	2		1	1					4	1	1				1		22
ENVS 100L	Ecol & Soc Writ Lab	Emily Murai	2021 Spring Quarter	2212	N	1	15	1	2										1							20
ENVS 100L	Ecol & Soc Writ Lab	Emily Murai	2021 Spring Quarter	2212	N		7	4	3	2	1							1		2				1		21
ENVS 104A	Intro Field Methods	Gregory S Gilbert	2021 Spring Quarter	2212	N	1	8	3	1	1	2	1							2	2						21
ENVS 104L	Field Methods Lab	Gregory S Gilbert	2021 Spring Quarter	2212	N		10	2	1	2	1	2							2	1						21
ENVS 107A	Nat Hist Field Qtr	Christopher Michael Lay; Ryan David Carle	2021 Spring Quarter	2212	N	10	13		1																	24
ENVS 107B	Nat Hist Field Qtr	Christopher Michael Lay; Ryan David Carle	2021 Spring Quarter	2212	N	10	13		1																	24
ENVS 107C	Nat Hist Field Qtr	Christopher Michael Lay; Ryan David Carle	2021 Spring Quarter	2212	N	9	13	2																		24
ENVS 109A	Ecol Field Methods	Donald A Croll; Gage Hart Dayton	2021 Spring Quarter	2212	Y	2	3	4	1																	10
ENVS 109B	Ecol Fld Mthds Lab	Donald A Croll; Gage Hart Dayton	2021 Spring Quarter	2212	Y	2	3	4	1																	10
ENVS 109C	Terrestrial Ecosys	Donald A Croll; Gage Hart Dayton	2021 Spring Quarter	2212	Y	8	2																			10
ENVS 109D	Conserv/Practice	Donald A Croll; Gage Hart Dayton	2021 Spring Quarter	2212	Y		6	4																		10
ENVS 115C	Advanced GIS	Barry Nickel	2021 Spring Quarter	2212	N	8	6																			14
ENVS 121	Landscape Ecology	Kai Zhu	2021 Spring Quarter	2212	N	3	8	3		1								2	1	1				3		22
ENVS 125	Ecosystems of Calif	Erika S Zavaleta	2021 Spring Quarter	2212	Y	4	5	3	1			1	1						6					2		23
ENVS 130C	Fld Exp Agro/Food Sys	Damian Michael Parr; Stacy M Philpott	2021 Spring Quarter	2212	N	4	16	5	2	4	1							1	2					2		37
ENVS 140	Natl Environ Policy	Pamela Faye Rittelmeyer	2021 Spring Quarter	2212	N	3	27	7		6		1						1	2					1		48
ENVS 149	Envr Law & Policy	Douglas Bushey	2021 Spring Quarter	2212	Y	5	17	1	2	4		1							4					2		36
ENVS 152	Intl Env Pol	Sikina Jinnah	2021 Spring Quarter	2212	Y		13	4	1										2							20
ENVS 160	Restoration Ecology	Andy John Kulikowski II II	2021 Spring Quarter	2212	N	5	15	7	3	5	3		3	1					5					2		49
ENVS 173	World Envir History	Emily Murai	2021 Spring Quarter	2212	N		13	6	3	3									6					1		32
ENVS 179	Env Interpretation	Tod Haddow	2021 Spring Quarter	2212	N		7	1	2	2																12
ENVS 184	Envs Stu Internship	Katie Lenore Monsen	2021 Spring Quarter	2212	N														55	3				1		59
ENVS 190	Capstone:EnvrProblem	Katie Lenore Monsen	2021 Spring Quarter	2212	N	4	34	14	2	6	2	2	5						6	1						76
ENVS 196	Senior Seminar	Barry Nickel	2021 Spring Quarter	2212	N	8	1		1																	10
ESCI 100B	Intro Env Processes	Patrick Y Chuang	2021 Spring Quarter	2212	N	1	3	4	7	4	3	4	5						1					1		33
ESCI 191	Capstone Seminar	Margaret Zimmer	2021 Spring Quarter	2212	N		8	6		1		1	1						1							18
FILM 2	Power in Media	Daryl Bjorn Jones	2021 Spring Quarter	2212	Y		4	1	2		2	1							1	1				1		13
FILM 20B	Intro TV Studies	Logan Kennard Walker	2021 Spring Quarter	2212	N	3	44	41	32	24	22	6	3	1	1	2	2	6	4	1				2		194
FILM 20P	Productn Technique	Quentin Alcott Lareau	2021 Spring Quarter	2212	N		23	21	13	11	1	2	2	1					3	1						78
FILM 80M	Understanding Media	Rick Prelinger	2021 Spring Quarter	2212	N	147	50	24	23	8	10	5	8	6				8	23	2						314
FILM 80S	Sp Top Film/Dig Med	James C Lyons	2021 Spring Quarter	2212	N	11	106	18	4	5	1	3						2	13	2				1		166
FILM 120	Intro Media Theory	Irene Gustafson	2021 Spring Quarter	2212	N	1	26	26	15	16								1	2	1				1		89
FILM 130	Silent Cinema	Jennifer Horne	2021 Spring Quarter	2212	N	6	32	8	13	7	2		2			2		2	2	1						77
FILM 132A	Internatnl Cinema	Christina Corfield	2021 Spring Quarter	2212	N		18	22	4	13	5	2	1	2	1			2	7	2				2		81
FILM 136C	Visual Culture&Tech	Edward A. Shanken	2021 Spring Quarter	2212	N	5	38	13	7	9	7	1	4	4		2		1	2							93
FILM 160	Film Genres	Shelley Stamp	2021 Spring Quarter	2212	N		6	23	7	6	4	2						2	10	1						61
FILM 165A	Film,Video & Gender	Topiary Landberg	2021 Spring Quarter	2212	N	2	7	10	13	12	2	3		1		1		1	3	1				1		57
FILM 165D	Asian Americans	Lahn S Kim	2021 Spring Quarter	2212	N	1	16	14	12	5	2	1	1					3	4	1						60
FILM 170A	Digital Media Prod	Warren Sack	2021 Spring Quarter	2212	N		15	5	1		1													1		23
FILM 170B	Film/Video Productn	Cameron Maxwell Archer	2021 Spring Quarter	2212	N		13		3			1														17
FILM 172	NarrativeVideoWksp	Gustavo O Vazquez	2021 Spring Quarter	2212	N	1	14	3	1										1							20
FILM 179A	Sp Topics Animation	Alessia Cecchet	2021 Spring Quarter	2212	N	5	8	3		1			1						1							19
FILM 194S	Special Topics Seminar	Yiman Wang	2021 Spring Quarter	2212	N	1	4	9	2	3								1	1							21
FILM 196A	Sr Prjct Narr Prod	Cameron Maxwell Archer	2021 Spring Quarter	2212	N	5	8		1	6																20
FILM 196C	Sr Documntry Wksp	Jacqueline Olive	2021 Spring Quarter	2212	N	7	4				1							2								14
FMST 10	FeminismGlobalSouth	Anjali R Arondekar	2021 Spring Quarter	2212	N	20	31	20	11	10	3		3		1			6	8	4				1		118
FMST 13	Calif Indian History	Caitlin A Keliiaa	2021 Spring Quarter	2212	Y	1	9	2	4	2	3							1	6	1						29
FMST 18	Blk Fmst Ethnographies	Gina Ulysse	2021 Spring Quarter	2212	N	6	14	13	2	4		3						1	1					2		46
FMST 112	Women and the Law	Gina Dent	2021 Spring Quarter	2212	Y	5	9	6	5	5	3		1			1		1	6	2				4		48
FMST 132	Gender/Postcolonial	Madhavi Murty	2021 Spring Quarter	2212	N		8	4	12	1	2								2	4				1		34
FMST 188	Topics in FMST	Lani Hanna	2021 Spring Quarter	2212	N	14	14	1						1				2		2						34
FREN 2	French: First Year	Carine Rohmer	2021 Spring Quarter	2212	N		4	2	1	1								1	2	1						12
FREN 2	French: First Year	Carine Rohmer	2021 Spring Quarter	2212	N	1	3	2	4			1														11
FREN 3	French: First Year	Renee Cailloux	2021 Spring Quarter	2212	N		6	2	4		1	2							1		1			1		18
FREN 3	French: First Year	Vincent Minquoy	2021 Spring Quarter	2212	N	1	5	1		4											2					13
FREN 6	French: Second Year	Renee Cailloux	2021 Spring Quarter	2212	N	2	6	1		2		2														13
FREN 121	Hist French Lang	Bryan A. Donaldson	2021 Spring Quarter	2212	N	1	6	1	1				1						1		1					12
GAME 221	Prof Development I	Terry A Smith	2021 Spring Quarter	2212	N		16														15					31
GAME 231	Game Technologies	Zachary Charles Emerzian	2021 Spring Quarter	2212	N	11	5														14	1				31
GAME 270	Games & Play Studio I	Elin Carstensdottir	2021 Spring Quarter	2212	N		16														11					27
GAME 280A	Games Proseminar	Elin Carstensdottir	2021 Spring Quarter	2212	N		16														15					31
GERM 3	German: First Year	Sarah T Schuchard	2021 Spring Quarter	2212	N	3	6	4	2	1											3					19
GERM 6	German: Second Year	Gabriela Andrea Gavande	2021 Spring Quarter	2212	N		5		2	1		1							1	1						11
HAVC 35	European Art Global	Kailani Polzak	2021 Spring Quarter	2212	N	7	37	3	2	4	2	1	2		1			1	7	1				1		69
HAVC 40	Museum Cultures	Jennifer Ann Gonzalez	2021 Spring Quarter	2212	N	11	34	14	14	15	6	4	2	3		1		2	15	3				2		126
HAVC 46	Intro to U.S. Art	Leslie Erin McShane Lodwick	2021 Spring Quarter	2212	N	29	121	19	12	20	5	1	9	3		1		11	23	4				8		266
HAVC 58	Islamic Visual Culture	Maria Evangelatou	2021 Spring Quarter	2212	N	7	15	11	12	4	3							4	9	2				3		70
HAVC 116	AfricanArchitecture	Elisabeth L Cameron	2021 Spring Quarter	2212	N	14	16	8	6	5	2		1			1		6	5	4						68
HAVC 124C	Art Theravada Trad	Boreth J. Ly	2021 Spring Quarter	2212	N	3	3	15		2	1			1					2	1				1		29
HAVC 124E	SE Asian-American VC	Boreth J. Ly	2021 Spring Quarter	2212	N	5	14	13	6	3	1	1	2	1		1			13	1				1		62
HAVC 141I	Art, Land, Space	Zoe Weldon-Yochim	2021 Spring Quarter	2212	N	7	15		5	4		1							2							34
HAVC 143B	Urban Design	Jonah Rowen	2021 Spring Quarter	2212	N	8	5	16	9	17	5		2	1		1		1	14	1	1			5		86
HAVC 151	Greek Myths	Maria Evangelatou	2021 Spring Quarter	2212	N	2	29	27	29	10	10	1	3	3				5	14	5				1		139
HAVC 186	Horror&Gender Art	Derek C. Murray	2021 Spring Quarter	2212	N		11	8	8	9	2	3	1					4	14	6				2		68
HEBR 80	Intro Bible Hebrew	Galia Stein-Rosen	2021 Spring Quarter	2212	N	2	21	4	4	2	3		1	1		1			4	2						45
HIS 2B	World Since 1500	Marc A Matera	2021 Spring Quarter	2212	N	3	21	22	18	22	7	2	4	3		1		2	26	6				3		140
HIS 11A	L Amer ColonlPeriod	Maria E Diaz	2021 Spring Quarter	2212	N	2	4	5	3	5	6	1	1		2			2	10	4				2		47
HIS 15	US His for NonMajors	Matthew Lasar	2021 Spring Quarter	2212	N		110	46	14	9	5	2	1					3	41	3				2		236
HIS 41	Making Mod Mid East	Jennifer L. Derr	2021 Spring Quarter	2212	N	1	6	12	10	6	11	8	3	2		1		3	41	5				2		111
HIS 44	Modern South Asia	Juned M. Shaikh	2021 Spring Quarter	2212	N	6	31	20	8	14	5	8	4	1				2	8	4				4		115
HIS 60	Medical/Sci Term	Charles W Hedrick	2021 Spring Quarter	2212	N	6	39	24	12	6	4	1	1					1	15	4				3		116
HIS 75	Film and Holocaust	Bruce A Thompson	2021 Spring Quarter	2212	N	11	29	46	23	26	12	2	1					5	16	2				2		175
HIS 81	Science Colonial World	Kathleen Gutierrez	2021 Spring Quarter	2212	N	1	13	20	6	3	3	2		1		2	1	1	2	1						56
HIS 82	Glob His CA Gold Rush	Aims McGuinness	2021 Spring Quarter	2212	N	1	32	6	1	2		1	1	1				2	3					1		51
HIS 100	His Skills & Methds	Benjamin Patrick Breen	2021 Spring Quarter	2212	N		8	6	1	2	2			1				2		1						23
HIS 101D	World His of Science	Minghui Hu	2021 Spring Quarter	2212	N		4	2	2	5		2	1					1	5	3				6		31
HIS 110A	Colonial U S 1500-1750	Marilyn J Westerkamp	2021 Spring Quarter	2212	N		10	5	1	9	4	1	1					5	8	4				7		55
HIS 110G	Strange Days	Matthew Lasar	2021 Spring Quarter	2212	N	1	26	10	5	3		2	1	1				1	7	1						58
HIS 116A	Unchained Memory	Catherine A Jones	2021 Spring Quarter	2212	N		3	9	2	3	3		1	1				2	2					2		28
HIS 140E	Women in China	Gail B Hershatter	2021 Spring Quarter	2212	N		8	14	1	14	2	1		2					11	3						56
HIS 141B	China: 6 Cen-16 Cen	Christopher L Connery	2021 Spring Quarter	2212	Y	1	3		1		1	1				1		1						1		10
HIS 151A	Med & Body Col Wrld	Jennifer L. Derr	2021 Spring Quarter	2212	N		1	4	2	3	2	3						1	2	2				3		23
HIS 158C	Slavery in Atlantic	Gregory O'Malley; James C Monroe	2021 Spring Quarter	2212	Y	1	3	4	2	7		2	2					1	4					1		27
HIS 159A	Cleopatra-Constantine	Elaine A. Sullivan	2021 Spring Quarter	2212	N		10	15	5	8	4	3	1	1				5	3					2		57
HIS 170C	20th-Century France	Muriam H. Davis	2021 Spring Quarter	2212	N	1	5	6	8	1	1	3	2	1	1			1	5							35
HIS 172A	German History	Edward Harold Kehler	2021 Spring Quarter	2212	N		7	8		4	3							2	1	2				2		29
HIS 178B	Europ Intellec Hist	Kiva Rafael Silver	2021 Spring Quarter	2212	N		4	4		2								1						1		12
HIS 185I	Latn Am Jewish Hist	Alma Heckman	2021 Spring Quarter	2212	N	3	3		1		1	1						2	1		1			1		14
HIS 190X	AtlanticWorld1492-1824	Gregory O'Malley	2021 Spring Quarter	2212	N	1	3	3	1									2								10
HIS 196G	Mod Germany & Europ	Edward Harold Kehler	2021 Spring Quarter	2212	N		3	5	1	1			1													11
HISC 80V	Intro to Marxism	Jared A Gampel	2021 Spring Quarter	2212	N	5	34	26	14	10	3		1					6	13	12				6		130
HISC 118	What is Money?	Colin Drumm	2021 Spring Quarter	2212	N	2	21	12	8	1	2							1	5	1				2		55
HISC 120	What is a State?	Stephen David Engel	2021 Spring Quarter	2212	N		9	5	3	9	3		2	1				1	2					3		38
HISC 136	Latin American Thought	Rasmus G Winther	2021 Spring Quarter	2212	N	1	6		1			1							1							10
HISC 219	Radical Visual Culture	T.J. Demos	2021 Spring Quarter	2212	N		2														8					10
ITAL 1	Elem Italian Lang	Giulia Centineo	2021 Spring Quarter	2212	N	1	2	2	2	6	1							2	2	4				2		24
ITAL 1B	Italian: Accel	Maria A. Prencipe	2021 Spring Quarter	2212	N		5	2	1	1	1		1													11
ITAL 3	Italian: First Year	Giulia Centineo	2021 Spring Quarter	2212	N		1		4			1	1			1			7		1					16
ITAL 101	Ital Cultr and Food	Maria A. Prencipe	2021 Spring Quarter	2212	N	1	15	5	3										2							26
JAPN 3	Japanese: First Year	Naoko Yamamoto	2021 Spring Quarter	2212	N		6	4	5	6	1			1				1	3					1		28
JAPN 3	Japanese: First Year	Keiko Yukawa	2021 Spring Quarter	2212	N	1	12	4	4	2	2								2							27
JAPN 3	Japanese: First Year	Keiko Yukawa	2021 Spring Quarter	2212	N	1	5	1	3	6	2		1						7							26
JAPN 6	Japanese: Second Year	Sakae Fujita	2021 Spring Quarter	2212	N		2	1		2	3			1					6		2					17
JAPN 6	Japanese: Second Year	Sakae Fujita	2021 Spring Quarter	2212	N	1	4	2	4	5	1	1				1					1					20
JAPN 105	Advanced Japanese	Naoko Matsuo	2021 Spring Quarter	2212	N		8	1	1	1									5	1						17
KRSG 2	Power in Media	Daryl Bjorn Jones	2021 Spring Quarter	2212	Y		5	2	1										4	1						13
KRSG 3	Natural Hist Pract	Sean Bryant Reilly	2021 Spring Quarter	2212	N		16			3						1			1					2		23
KRSG 51	News Rep/Production	Susan Allen Watrous	2021 Spring Quarter	2212	N		2												16							18
KRSG 52	News Reporting/Editing	Susan Allen Watrous	2021 Spring Quarter	2212	N		14												11							25
KRSG 100	Learning with Intent	Juliana I Leslie	2021 Spring Quarter	2212	N		20	3											1							24
LALS 5	HumRights/SocJust	Sylvanna M. Falcon	2021 Spring Quarter	2212	N		37	13	5	5	2	4	4	7	3	1		19	6	3				4		113
LALS 65	Religion & Revolution	Shankari Patel	2021 Spring Quarter	2212	N	16	141	6	1	4			2	1				3	8	2						184
LALS 94X	EarthCapitalismCrises	Fernando I Leiva	2021 Spring Quarter	2212	N	12	31	8	5	1								6	4	1				2		70
LALS 100B	CulturalTheoryAmers	Patricia Pinho	2021 Spring Quarter	2212	N		14	9	1	3	4	3	3	1		1		3	1	4				2		49
LALS 126	Digit@l Americ@s	Fernando I Leiva	2021 Spring Quarter	2212	N	3	4	2	4	2	2	6	2			1		3	2							31
LALS 129	America Latina	Cesar Estrella	2021 Spring Quarter	2212	N		21	2	3		1		1							1						29
LALS 137	Speculative Fiction	Catherine S Ramirez	2021 Spring Quarter	2212	N	27	4	6		1			1		1				3	1				3		47
LALS 143	Race & Ethnicity	Shankari Patel	2021 Spring Quarter	2212	N	31	21	1																		53
LALS 151	Race & Mobility	Patricia Pinho	2021 Spring Quarter	2212	N	2	9	14	10	2		1	1		1	1		1	3	1						46
LALS 154	Juventud in Latin Amer	Emilia Maria Valenzuela Vergara	2021 Spring Quarter	2212	N		9	4		1	1	2	2			2		3	2	2						28
LALS 194A	Immigrant Storytell	Catherine S Ramirez	2021 Spring Quarter	2212	N	11	3	3		1	1	1	1					1	2	1						25
LALS 194T	Youth & Citizenship	Jessica Taft	2021 Spring Quarter	2212	N	2	4	1	1	2	1	1	2													14
LGST 10	Intro Legal Process	Jacqueline Susan Gehring	2021 Spring Quarter	2212	N	2	20	46	24	23	6	7	4	1		1		7	5	1				3		150
LGST 105B	EarlyMod Pol Thought	Vanita Seth	2021 Spring Quarter	2212	Y		3	3	4	2	2			1			1		3							19
LGST 111C	IssuesConstitutionLaw	Ryan Emmett Coonerty	2021 Spring Quarter	2212	N		27	7	4	1	2							5	2					2		50
LGST 120A	Congress/Pres&Court	Daniel J Wirls	2021 Spring Quarter	2212	Y	1	7	3	2	2	1					1										17
LGST 122	Sociology of Law	Jaimie Morse	2021 Spring Quarter	2212	Y		48		1		1							2	4	2						58
LGST 128J	World Jury on Trial	Hiroshi Fukurai	2021 Spring Quarter	2212	Y	32	11		1	1									3							48
LGST 134	Congress: Rep/Leg	Scott Winford Newsome	2021 Spring Quarter	2212	Y		7	2	4	3	1	2							1							20
LGST 147B	Psych and Law	Craig W Haney	2021 Spring Quarter	2212	Y	8	11	1			1															21
LGST 149	Envr Law & Policy	Douglas Bushey	2021 Spring Quarter	2212	Y		9	2	1			1	1		1				1							16
LGST 151	Politics of Law	Eric Stephen Snickars	2021 Spring Quarter	2212	Y		5	7	4	5	2								3					2		28
LGST 159	Property and the Law	Gary Patton	2021 Spring Quarter	2212	N		22		1	14			5						6	1						49
LGST 161	Intellectual Property	Kyle Robertson	2021 Spring Quarter	2212	N	1	21	9	5	7	1		1					4	2	1						52
LGST 175	Human Rights	Shawn Leslie Nichols	2021 Spring Quarter	2212	Y	1	1	4	5	1	3	1		3					1							20
LGST 182	The Power to Punish	Anjuli Catherine Verma	2021 Spring Quarter	2212	Y	5	7		1	1																14
LGST 196	Senior Capstone	Jacqueline Susan Gehring	2021 Spring Quarter	2212	N		6	2	1	3	1	2	2					2	3							22
LGST 196	Senior Capstone	Jaimie Morse	2021 Spring Quarter	2212	N		6	2			1								1							10
LING 50	Intr To Linguistics	Ryan Thomas Bennett	2021 Spring Quarter	2212	N	38	34	30	19	17	12	7	6	5	1		4	3	21	3				4		204
LING 80K	Invented Languages	Pranav Anand	2021 Spring Quarter	2212	N	34	121	116	46	27	30	6	8	2	1	1	2	11	115	16				5		541
LING 101	Phonology I	Grant L McGuire	2021 Spring Quarter	2212	N	4	5	4	5	7	3	2						7	7	5				2		51
LING 105	Morphology	Jorge Hankamer	2021 Spring Quarter	2212	N	4	1		1	2	1			2				1	9					3		24
LING 112	Syntax I	Maziar Toosarvandani	2021 Spring Quarter	2212	N		19	7	3	5	2	2						3	27	3				2		73
LING 113	Syntax II	Ivy Sichel	2021 Spring Quarter	2212	N	5	3	3	2	4	3	3	1	3		1		1	11							40
LING 158	Adv Psycholinguist	Adrian Brasoveanu	2021 Spring Quarter	2212	N	6	3	4											1							14
LING 180	StrucParticularLang	Thomas De Haven Roberts	2021 Spring Quarter	2212	N	4	4	5		3	1		1		1				9	2						30
LIT 1	Literary Interpret	Micah E Perks	2021 Spring Quarter	2212	N	3	31	4	4	2	1	1		1				1	2	1						51
LIT 61M	Classical Myth	Martin J Devecka	2021 Spring Quarter	2212	N	11	49	55	36	52	19	6	7	2				15	83	9				6		350
LIT 80I	American Culture	Brenda Samantha Sanfilippo	2021 Spring Quarter	2212	N	22	27	6	9	5	2	1	6					5	3	1				2		89
LIT 80Z	Intro to Shakespeare	Abigail Heald	2021 Spring Quarter	2212	N	2	8	21	8	15	2							3	4	1				3		67
LIT 90	Intro Creative Writ	Chacko Thomas Kuruvilla	2021 Spring Quarter	2212	N	8	13											1		1						23
LIT 90	Intro Creative Writ	Thaïs Helene Miller	2021 Spring Quarter	2212	N		16	4	1	1																22
LIT 90	Intro Creative Writ	Nathan Xavier Osorio	2021 Spring Quarter	2212	N	4	9			4			2					1						1		21
LIT 91A	Intermed Fiction/Prose	Melissa Lynn Sanders-Self	2021 Spring Quarter	2212	N		20	2																		22
LIT 91B	Inter Poetry Writing	Emma Wood	2021 Spring Quarter	2212	N		14	3	3										1					1		22
LIT 99F	Tutorial	Gary E Young	2021 Spring Quarter	2212	N		13												4							17
LIT 101	Theory & Interpretn	Dorian Bell	2021 Spring Quarter	2212	N	6	20	7	2	4	2		2	1		1	1	1	2	5						54
LIT 114F	Finding Dante	Filippo Gianferrari	2021 Spring Quarter	2212	Y		14	7	7	6	1	1				1		1	9					1		48
LIT 116I	Philosophy in India	Guriqbal Singh Sahota	2021 Spring Quarter	2212	N		6	6	3	2	2	1						2	4	1						27
LIT 121Q	Queer Poetry in the US	Eric Anthony Sneathen	2021 Spring Quarter	2212	N		19	3											8	2						32
LIT 124B	Contemp Short Story	Amanda M. Smith	2021 Spring Quarter	2212	N	11	28	8	1	3	2	1		1	2				4	1						62
LIT 141C	China: 6 Cen-16 Cen	Christopher L Connery	2021 Spring Quarter	2212	Y	3	14	3	5	3	2	2						4	2	1				1		40
LIT 154B	Literature & the Arts	Courtney A Kersten	2021 Spring Quarter	2212	N	10	22																			32
LIT 155O	Women and Horror Film	Shelby Leann Wilson	2021 Spring Quarter	2212	N		6	9	6	4								3	3					1		32
LIT 160K	Race, Labor, Migration	Christopher S Chen	2021 Spring Quarter	2212	N	31	45	4	1	1								5	4	1						92
LIT 164D	Jewish Ethnic/Urban	Bruce A Thompson	2021 Spring Quarter	2212	N	4	8	9	3	1	1							5		1						32
LIT 179A	Adv Writing-Fiction	Jennifer Tseng	2021 Spring Quarter	2212	N		9	3	1	1	1															15
LIT 184A	Intro to Greek Lit	Kristina J. Chew	2021 Spring Quarter	2212	N	2	7	1													1					11
LIT 186A	Intro to Latin Lit	Kristina J. Chew	2021 Spring Quarter	2212	N	1	7	5		1									3							17
LIT 189B	El Siglo XIX	Amanda M. Smith	2021 Spring Quarter	2212	N		6	3	3	1	1	1	1		2			3								21
LIT 190L	Topics in World Lit	Guriqbal Singh Sahota	2021 Spring Quarter	2212	N		5		1	2	1	2						2								13
LIT 190L	Topics in World Lit	Jorge Aladro Font	2021 Spring Quarter	2212	N	3	11	4	4	2																24
LIT 190V	Fiction Senior Sem	Jennifer Tseng	2021 Spring Quarter	2212	N	3	5	6	3		4								1							22
LIT 198A	Group Tutorial	Andrew Hunter Bivens	2021 Spring Quarter	2212	N		8												2							10
MATH 3	Precalculus	Spencer Alan Schanzer	2021 Spring Quarter	2212	N	34	9	5	4	3		1	1		2			4	4	1				1		69
MATH 11A	Calculus with Apps	Pedro Morales	2021 Spring Quarter	2212	N	105	30	9	10	5	8	2	1	1	3	1	1	12	1	1	1			4		195
MATH 11B	Calculus with Apps	Edward T Migliore	2021 Spring Quarter	2212	N		44	7	5	26	9	10	47			5		5	5	2				5		170
MATH 19A	Calc:Sci,Engin,Math	Anthony J Tromba; Longzhi Lin	2021 Spring Quarter	2212	N		11	6	10	4	11	10	19			8		5	1	1				8		94
MATH 19B	Calc:Sci,Engin,Math	Anthony J Tromba; Longzhi Lin	2021 Spring Quarter	2212	N	9	49	28	21	21	17	11	18			8		10	2	2				5		201
MATH 21	Linear Algebra	Bruce N Cooperstein	2021 Spring Quarter	2212	N		85	42	17	16	8	4	3	2	2	2	1	10	2	2				1		197
MATH 23A	Vector Calculus	Anthony J Tromba; Longzhi Lin	2021 Spring Quarter	2212	N	5	106	42	41	49	29	21	22			12		5	5	1				5		343
MATH 23B	Vector Calculus	Anthony J Tromba; Longzhi Lin	2021 Spring Quarter	2212	N		24	11	11	10	2		6					1	2	3				4		74
MATH 24	Ordinary Diff Equas	Amethyst Rachael Jade Price	2021 Spring Quarter	2212	N	22	6	3	7		2	1					1	2	6	2				1		53
MATH 100	Intr Proof/Prb Solv	Chongying Dong	2021 Spring Quarter	2212	N	4	6	9	9	5	2	7	4					2	5	5						58
MATH 103A	Complex Analysis	Hirotaka Tamanoi	2021 Spring Quarter	2212	N	8	4	2	3	2	2	1	2	2				1	7	3						37
MATH 105B	Real Analysis	Burak Hatinoglu	2021 Spring Quarter	2212	N	1	1	5		2	3	1														13
MATH 107	Partial Diff Equas	Sam Kim Miller	2021 Spring Quarter	2212	N	1	5	8	6	3	1	2							7	11				1		45
MATH 111B	Algebra	John Revere McHugh	2021 Spring Quarter	2212	N	2	6	1		1		1	1													12
MATH 111T	Algebra	Andrew Jon Kobin	2021 Spring Quarter	2212	N		4	4	1	2						1		2	4	2				1		21
MATH 116	Combinatorics	Hatice Mutlu Akaturk	2021 Spring Quarter	2212	N	4	4	2	1		4	2	2						4	1				1		25
MATH 117	Adv Linear Algebra	Andrew Jon Kobin	2021 Spring Quarter	2212	N	1	4	3		3	1	2	2	1				4	5	4				8		38
MATH 128A	Classical Geometry	Pedro Morales	2021 Spring Quarter	2212	N	19	8	2		2		1	1					3	7	2				2		47
MATH 148	Numerical Analysis	Francois Monard	2021 Spring Quarter	2212	N	5	3	1	2	2	2	3	1			1		1	8					3		32
MATH 148L	Numerical Analysis	Francois Monard	2021 Spring Quarter	2212	N	2	3	1		1		1				1			2					1		12
MATH 148L	Numerical Analysis	Francois Monard	2021 Spring Quarter	2212	N	3			3	1	2	3	1					1	4					2		20
MATH 194	Senior Seminar	Robert Boltje	2021 Spring Quarter	2212	N	4	10	2	3				2						2					1		24
MATH 194	Senior Seminar	Torsten Ehrhardt	2021 Spring Quarter	2212	N	11	8	3											2							24
MATH 194	Senior Seminar	Bruce N Cooperstein	2021 Spring Quarter	2212	N		5	4		2	2		2					1	6	2				1		25
MATH 202	Algebra III	Chongying Dong	2021 Spring Quarter	2212	N	2	4	1													8					15
MATH 206	Analysis III	Torsten Ehrhardt	2021 Spring Quarter	2212	N	2	1	1													7					11
MATH 210	Manifolds III	Beren Sanders	2021 Spring Quarter	2212	N		1	1	1												12					15
MATH 234	Riemann Surfaces	Beren Sanders	2021 Spring Quarter	2212	N		1														12	4				17
MERR 1	ALE:ReadSelves/World	Josef Alexandre Kay	2021 Spring Quarter	2212	N	7	9	3	1	4	1	2	1					7		2						37
MERR 33F	Trnsfmotv Lead&Soc Chn	Cory M Fong	2021 Spring Quarter	2212	N		1	1		4									7							13
MERR 34F	Careers in STEM	Maya Woolfe	2021 Spring Quarter	2212	N		21						1						1	1				1		25
MERR 50	Merr Alum Public Ser	Cynthia Martine Chase; Don Lane	2021 Spring Quarter	2212	N	2	6						2					1	1					2		14
MERR 98F	Independent Study	Jessie Dubreuil	2021 Spring Quarter	2212	N	2	12																			14
METX 100	Intro to Microbiology	Jacqueline Kimmey	2021 Spring Quarter	2212	N	3	9	1	3	7	4	2	3	2		2		1								37
METX 119L	Gen Microbio Lab	Karen M Ottemann	2021 Spring Quarter	2212	N	4	18	7	6	5								1								41
METX 135	Functional Anatomy	Manel Camps	2021 Spring Quarter	2212	N	6	10	14	16	13	16	6	5			1		1	5	2				7		102
METX 135L	Functional Anatmy Lab	Manel Camps	2021 Spring Quarter	2212	N	8	28	16	11	10	8	2	5	1					4	1				7		101
MUSC 2	Univ Orchestra	Bruce A Kiesling	2021 Spring Quarter	2212	Y	3	7			2																12
MUSC 3	Large Jazz Ensemble	Charles R Hamilton	2021 Spring Quarter	2212	N	5	6												1							12
MUSC 8A	Balinese Gamelan	Brian Baumbusch	2021 Spring Quarter	2212	N	1	51											1	9	1						63
MUSC 9	Wind Ensemble	Nathaniel Aaron Berman	2021 Spring Quarter	2212	N	1	11			1									1		1					15
MUSC 11B	Intro to Jazz	Karlton E Hester	2021 Spring Quarter	2212	N	111	8	4	9	7		1	2					4	12	4				3		165
MUSC 14	TheoryMusicianshipII	David Evan Jones	2021 Spring Quarter	2212	N	1	4	4	2	3	1							1	2							18
MUSC 30A	Theor, Lit, Music	Christopher J Pratorius	2021 Spring Quarter	2212	N	3	3					4							3							13
MUSC 51	Vocal Repertoire Class	Emily Victoria Sinclair	2021 Spring Quarter	2212	N		9	1	1	1																12
MUSC 59	Intro Keyboard	Faith Suzanne Lanam	2021 Spring Quarter	2212	N	3	1	1	1	2		1	2		1				3							15
MUSC 60	Fund Keyboard Skills	Faith Suzanne Lanam	2021 Spring Quarter	2212	N	3	3	2		1		1				1		2	1	1						15
MUSC 80F	Music Latin America	Melodie Michel	2021 Spring Quarter	2212	N	30	56	25	21	13	12	2	5	3	1	1		11	30	16				2		228
MUSC 80K	Sound in Art/Science	Zachary Hejny	2021 Spring Quarter	2212	N	2	7	4		1										1						15
MUSC 80L	Artif Intell & Musc	David Andrew Kant	2021 Spring Quarter	2212	N	111	40	3		2	1	1						2	21	5				6		192
MUSC 80M	Film Music	Assaf Shatil	2021 Spring Quarter	2212	N	127	112	51	21	19	10	8	8	1	1	2	1	6	14					1		382
MUSC 81I	Music of Indonesia	Brian Baumbusch	2021 Spring Quarter	2212	N		22										1		6	3						32
MUSC 101B	Hist West Art Music	Amy C Beal	2021 Spring Quarter	2212	N	2	1	3	1	3	2				1											13
MUSC 124	Int Elec Sound Synt	Michelle Lou	2021 Spring Quarter	2212	N	9	14			1														1		25
MUSC 166	Chamber Singers	Michael J McGushin	2021 Spring Quarter	2212	N	6	5						1						2							14
MUSC 167	Wksp Electron Music	Yolande Constance Harris	2021 Spring Quarter	2212	N	7		1	1				1	1												11
MUSC 180B	Africa & Americas	Nicol Hammond	2021 Spring Quarter	2212	N	4	2		1			1						1			1			1		11
NLP 203	NLP III	Jeffrey Michael Flanigan	2021 Spring Quarter	2212	N	6	9	1		1											5					22
NLP 244	Adv Mach Learn for NLP	Dilek Hakkani-Tur	2021 Spring Quarter	2212	N	1	8	3	1												8					21
NLP 271B	Capstone II: NLP	Adwait Ratnaparkhi	2021 Spring Quarter	2212	N		5	2	6	5	1										2					21
OAKS 48	Slugs:Stories/Selves	Latecia Angel Shenell Yarbrough	2021 Spring Quarter	2212	N	4	1	3	2	2							1	2	2	2						19
OAKS 67	Politics of Food	Robin Y King	2021 Spring Quarter	2212	N		6	1	1									1	1							10
OAKS 70	DiverseVoicesPoetry	Lindsay Elizabeth Knisely	2021 Spring Quarter	2212	N	2	11	4	4	1	1				1											24
OAKS 151B	Community Lit Field	Leslie Lopez	2021 Spring Quarter	2212	N	3	7	1	3		1								1							16
OAKS 185	Tracing Health	Carrie Rose	2021 Spring Quarter	2212	N	5	14	4										1								24
OAKS 189	Bldg Website SocChange	Tonia Beglari	2021 Spring Quarter	2212	N	8	9	1	2	3		1							1	1						26
OCEA 1	The Oceans	Katlin L Bowman	2021 Spring Quarter	2212	N	3	50	39	28	15	7	3	6	1				3	11	3				1		170
OCEA 80B	Our Changing Planet	Pratigya Polissar	2021 Spring Quarter	2212	N	10	15	7	8	11	1	3	5			3		3	2	1				1		70
OCEA 118	Marine Microb Ecol	Jonathan P Zehr	2021 Spring Quarter	2212	Y	2	7	4	2	2														1		18
OCEA 130	Biol Oceanography	Marilou Sison Mangus	2021 Spring Quarter	2212	N		13	10	9	7	2	1	1			2			1					1		47
PHIL 11	Intro To Philosophy	Mariana Imaz Sheinbaum	2021 Spring Quarter	2212	N		31	67	59	42	21	9	5	3	2	1	1	9	142	9				5		406
PHIL 27	Business Ethics	Kyle Robertson	2021 Spring Quarter	2212	N	8	81	14	10	7	6	3	1			1		5	4	8				2		150
PHIL 100C	The Empiricists	Abraham D Stone	2021 Spring Quarter	2212	N		9	24	20	4	5			1		1		5	8							77
PHIL 124	Other Minds	Janette Dinishak	2021 Spring Quarter	2212	N		9	8	11	3	1		1	1					4							38
PHIL 126	Phil/Soc Sciences	Paul Andrew Roth	2021 Spring Quarter	2212	N		3		2	8	2	8	3	6		2	1		3	2						40
PHIL 190	Senior Seminar	Jonathan E Ellis	2021 Spring Quarter	2212	N	1	7	1	3	1								1	1							15
PHYS 5B	Intro Physics II	Bruce A Schumm	2021 Spring Quarter	2212	N	1	52	24	34	57	25	29	19					4	4	3				5		257
PHYS 5M	Intro Phys II Lab	George S Brown	2021 Spring Quarter	2212	N	1	6	2	3	3	2	1						3								21
PHYS 5M	Intro Phys II Lab	George S Brown	2021 Spring Quarter	2212	N		8	7	4	2	2															23
PHYS 5M	Intro Phys II Lab	George S Brown	2021 Spring Quarter	2212	N	2	5	9		4						1		1								22
PHYS 5M	Intro Phys II Lab	George S Brown	2021 Spring Quarter	2212	N	2	6	8	2	2	2															22
PHYS 5M	Intro Phys II Lab	George S Brown	2021 Spring Quarter	2212	N	2	8	1	2	3	4	2												2		24
PHYS 5M	Intro Phys II Lab	George S Brown	2021 Spring Quarter	2212	N		18	1		2														1		22
PHYS 5M	Intro Phys II Lab	George S Brown	2021 Spring Quarter	2212	N	1	18	2		2	1															24
PHYS 5M	Intro Phys II Lab	George S Brown	2021 Spring Quarter	2212	N	5	10		2		1	1	1					1		1				1		23
PHYS 5M	Intro Phys II Lab	George S Brown	2021 Spring Quarter	2212	N	3	9	4	2	1			3					1		1						24
PHYS 5M	Intro Phys II Lab	George S Brown	2021 Spring Quarter	2212	N	2	7	9		2	3							1								24
PHYS 5M	Intro Phys II Lab	George S Brown	2021 Spring Quarter	2212	N	1	6	9	2	2		1			1									1		23
PHYS 6A	Intro Physics I	Lynda Williams	2021 Spring Quarter	2212	N	3	38	9	13	35	20	11	16			2		6	3	2	1			11		170
PHYS 6B	Intro Physics II	Colin G West	2021 Spring Quarter	2212	N		68	21	23	28	25	15	9	7	2			2	5	2				1		208
PHYS 6C	Intro Phys III	Joseph Mark Connell	2021 Spring Quarter	2212	N	42	112	55	16	25	16	11	2	3	1			4						1		288
PHYS 6L	Intro Phys I Lab	George S Brown	2021 Spring Quarter	2212	N	3	2	3		5			3							1				2		19
PHYS 6L	Intro Phys I Lab	George S Brown	2021 Spring Quarter	2212	N		8		3	2	5		2											1		21
PHYS 6L	Intro Phys I Lab	George S Brown	2021 Spring Quarter	2212	N		15											1						2		18
PHYS 6L	Intro Phys I Lab	George S Brown	2021 Spring Quarter	2212	N		14			2								1			1			2		20
PHYS 6L	Intro Phys I Lab	George S Brown	2021 Spring Quarter	2212	N		9	3	2	3								1		1				1		20
PHYS 6L	Intro Phys I Lab	George S Brown	2021 Spring Quarter	2212	N	3	9	1	1	2			2				1	2						1		22
PHYS 6L	Intro Phys I Lab	George S Brown	2021 Spring Quarter	2212	N	2	12	1	1	2														1		19
PHYS 6L	Intro Phys I Lab	George S Brown	2021 Spring Quarter	2212	N	2	15											1						1		19
PHYS 6M	Intro Phys II Lab	George S Brown	2021 Spring Quarter	2212	N		18		1		1							1								21
PHYS 6M	Intro Phys II Lab	George S Brown	2021 Spring Quarter	2212	N		16				1							1	1	1						20
PHYS 6M	Intro Phys II Lab	George S Brown	2021 Spring Quarter	2212	N	7	6	3	3	1																20
PHYS 6M	Intro Phys II Lab	George S Brown	2021 Spring Quarter	2212	N	10	3	4	1	4		1														23
PHYS 6M	Intro Phys II Lab	George S Brown	2021 Spring Quarter	2212	N		10	2	3	2		1	1						1							20
PHYS 6M	Intro Phys II Lab	George S Brown	2021 Spring Quarter	2212	N	1	11	4	2	2																20
PHYS 6M	Intro Phys II Lab	George S Brown	2021 Spring Quarter	2212	N	3	10	3	1	2	2							1								22
PHYS 6N	Intro Phys III Lab	George S Brown	2021 Spring Quarter	2212	N	2	12		3																	17
PHYS 6N	Intro Phys III Lab	George S Brown	2021 Spring Quarter	2212	N	2	16	1	1	1	1								1							23
PHYS 6N	Intro Phys III Lab	George S Brown	2021 Spring Quarter	2212	N		13		3	2									1							19
PHYS 6N	Intro Phys III Lab	George S Brown	2021 Spring Quarter	2212	N	1	12		1	2								1								17
PHYS 6N	Intro Phys III Lab	George S Brown	2021 Spring Quarter	2212	N	2	14	2	3	2										1						24
PHYS 6N	Intro Phys III Lab	George S Brown	2021 Spring Quarter	2212	N	2	15	3	1	1									1							23
PHYS 6N	Intro Phys III Lab	George S Brown	2021 Spring Quarter	2212	N	3	17			1								1	1							23
PHYS 11	Physicist in Indust	Sue A Carter	2021 Spring Quarter	2212	N	10	12		2	1	1								1							27
PHYS 105	Mechanics	Robert Preston Johnson	2021 Spring Quarter	2212	N	2	7	5	6	23	8	13	22			6		4	1	1				1		99
PHYS 115	Computational Phys	Steven Ritz	2021 Spring Quarter	2212	Y	2	7	2		1									1							13
PHYS 116C	Math Method Physics	Onuttom Narayan	2021 Spring Quarter	2212	N	7	10	6	10	15	5	7	19	1		6								2		88
PHYS 133	Intermediate Lab	Alexander Sher	2021 Spring Quarter	2212	N		1	1	1	1	1	2	2					1		2						12
PHYS 133	Intermediate Lab	Alexander Sher	2021 Spring Quarter	2212	N	1	2		3	2		2	2					4						2		18
PHYS 134	Physics Adv Lab	Arthur P Ramirez	2021 Spring Quarter	2212	N	2	4		7	4		1	2													20
PHYS 135	Astrophys Adv Lab	Tesla Erin Jeltema	2021 Spring Quarter	2212	Y	2	3	4	2	1														1		13
PHYS 171	Genl Relativity	Wolfgang Altmannshofer	2021 Spring Quarter	2212	Y	3	4	4	2		2	1	3													19
PHYS 180	Biophysics	Joshua Deutsch	2021 Spring Quarter	2212	N	2	5			1		2												1		11
PHYS 182	Sci Comm Physics	Terry L Terhaar	2021 Spring Quarter	2212	N	1	23			1						1										26
POLI 3	Concepts/Politics	Vanita Seth	2021 Spring Quarter	2212	N	1	28	18	11	14	2	1	4	1		3		1	2	3				1		90
POLI 60	ComparativePolitics	Roger Schoenman	2021 Spring Quarter	2212	N	1	15	21	9	27	5	2	1	4	2	3		2	16	4				1		113
POLI 100	Politics Writing Sem	Kent H Eaton	2021 Spring Quarter	2212	N		6	3	1	5	2		1					1		1						20
POLI 105B	EarlyMod Pol Thought	Vanita Seth	2021 Spring Quarter	2212	Y	2	11	5	5	14	8	3	3	2				7	8					2		70
POLI 112	Women and the Law	Gina Dent	2021 Spring Quarter	2212	Y	6	6	8	4	6	5	2						1	8					1		47
POLI 120A	Congress/Pres&Court	Daniel J Wirls	2021 Spring Quarter	2212	Y	17	17	12	5	10	3	3	2	2	2			2	4	1				1		81
POLI 134	Congress: Rep/Leg	Scott Winford Newsome	2021 Spring Quarter	2212	Y		9	7	3	3	1	2	1		1			2								29
POLI 140D	Politics/East Asia	Benjamin Read	2021 Spring Quarter	2212	N	1	10	4		7	3	1	4					4	5	3				2		44
POLI 147	Territorial Conflict	Kent H Eaton	2021 Spring Quarter	2212	N	1	16	4	2	6	4	2	10					4	4					2		55
POLI 151	Politics of Law	Eric Stephen Snickars	2021 Spring Quarter	2212	Y		3	2	4	3	2			1					1	1				1		18
POLI 160A	Internatl Politics	Ishan Joshi	2021 Spring Quarter	2212	N		9	21	12	13	4	3				1		5	15	1				8		92
POLI 166	Politics of Migration	Thomas Serres	2021 Spring Quarter	2212	N		9	6	12	5	2		1					5	2	1	1			2		46
POLI 170	Intl Env Pol	Sikina Jinnah	2021 Spring Quarter	2212	Y		13	4	3	1	1	2	2													26
POLI 172	Liberalism/State/War	Thomas Serres	2021 Spring Quarter	2212	N		5	12	6	9	3							1	3							39
POLI 175	Human Rights	Shawn Leslie Nichols	2021 Spring Quarter	2212	Y	1	3	6	4	4	5		1					2	3	1				2		32
POLI 182	The Power to Punish	Anjuli Catherine Verma	2021 Spring Quarter	2212	Y	4	8												1					1		14
POLI 190E	Transitions	Roger Schoenman	2021 Spring Quarter	2212	N		5	5	8	3									1							22
POLI 190H	Substance Of Dmcrcy	Eleonora Pasotti	2021 Spring Quarter	2212	N	1	8	11		3										1						24
POLI 190Z	Intrnatnl Security	Shawn Leslie Nichols	2021 Spring Quarter	2212	N	2	6	7	5		2		1	1												24
PRTR 41I	Improvisation	Robert Eli Giges	2021 Spring Quarter	2212	N	5	8	2	1										4							20
PSYC 1	Intro Psychology	Jeremy Yamashiro	2021 Spring Quarter	2212	N		150	54	21	10	14	7	7	3	4	3		11	7	1						292
PSYC 2	Intro Psyc Stats	Kimberly Sue Cardilla	2021 Spring Quarter	2212	N	2	77	24	11	14	4		3	1	3		1	3	1					1		145
PSYC 10	Intro Develop Psych	Adriana Manago	2021 Spring Quarter	2212	N	14	16	20	22	16	13	8	3	2	1	1	1	6	36	13				2		174
PSYC 20	Cogn: Fund Theories	Jason Michel Samaha	2021 Spring Quarter	2212	N	32	40	23	30	20	9	3	3	1			1		12	1				2		177
PSYC 100	Research Methods	Courtney Bonam	2021 Spring Quarter	2212	N	30	38	9	9	4	4		1			2		3	1	3						104
PSYC 114	Devel as Cultural	Barbara Rogoff	2021 Spring Quarter	2212	N	20	8	6	18	5	6	5	1					1	5	1				1		77
PSYC 114	Devel as Cultural	Itzel Aceves-Azuara	2021 Spring Quarter	2212	N	6	10	4	3	3	1								3					1		31
PSYC 115	Dev Psychopathology	Kimberly Sue Cardilla	2021 Spring Quarter	2212	N	4	82	34	16	11	8	5	2	1				1	10	5				1		180
PSYC 119M	Identity Developmnt	Margarita Azmitia	2021 Spring Quarter	2212	N		6	3	2	4	3	1		1		1		2	6	1						30
PSYC 119P	Children&Technology	Maureen Callanan	2021 Spring Quarter	2212	N	6	8	5	3	3			1						3	1						30
PSYC 120	Visual/Spatial Cogn	Bryan Bailey Holbrook	2021 Spring Quarter	2212	N	9	85	9	12	29	2	2	6			2	1	4	11	7	1			2		182
PSYC 130	Deceptn/Brain/Behav	Travis L Seymour	2021 Spring Quarter	2212	N			4	8	7	4	1		1		1		1	29	3						59
PSYC 133	Bilingualism	Liv J Hoversten	2021 Spring Quarter	2212	N		15	13	10	7	3	2	2	1	1				9							63
PSYC 139D	Model Human Perform	Travis L Seymour	2021 Spring Quarter	2212	N		3	5	5	2	1		1	1	1			1	5	2				1		28
PSYC 139L	Illusions	Nicolas Davidenko	2021 Spring Quarter	2212	N	6	6	7	4	4	1								2							30
PSYC 139Q	Analogy and Transfer	Hannah Hausman	2021 Spring Quarter	2212	N		22	4	2		1								2							31
PSYC 140G	Women's Lives	Shelly A. Grabe	2021 Spring Quarter	2212	N		43	10	9	6	5	1	4					5	7	1						91
PSYC 140Q	Soc Psy Gendr	Robert D Majzler	2021 Spring Quarter	2212	N	2	85	12	5	5	3		1					2	3					2		120
PSYC 147B	Psych and Law	Craig W Haney	2021 Spring Quarter	2212	Y	10	19	3	14	6	2							3	2	2						61
PSYC 159D	Sexual Aggression	Eileen L Zurbriggen	2021 Spring Quarter	2212	N	10	16	4										1	1							32
PSYC 159X	Social Activism	Robert D Majzler	2021 Spring Quarter	2212	N	2	17	6	2	2									1							30
PSYC 170	Abnormal Psychology	Hannah Raila	2021 Spring Quarter	2212	N	5	17	27	19	18	5	2	8	3		4			11	1						120
PSYC 178	Nutritional Psychology	Andrea Cook	2021 Spring Quarter	2212	N	19	57	25	6	4	2	1	2						5							121
PSYC 179E	Psychology of Emotion	Hannah Raila	2021 Spring Quarter	2212	N	3	4	4	5	1	3	1							7	1						29
PSYC 182	Qual Reserch Methods	Saskias Casanova	2021 Spring Quarter	2212	N		38	8	1	1		1														49
PSYC 194B	Adv Cognitive Res	Nicolas Davidenko	2021 Spring Quarter	2212	N	3	7																			10
PSYC 194C	Adv Social Research	Phillip L Hammack	2021 Spring Quarter	2212	N		9												2							11
SOCY 1	Intro Sociology	Megan Bethany McNamara	2021 Spring Quarter	2212	N	34	54	6	6	5	1	2	3			2		7	2	1				1		124
SOCY 105B	Contem Soc Theory	Joseph Klett	2021 Spring Quarter	2212	N	16	34	28	3	7	9	2	3					5	6	3				4		120
SOCY 107B	Projects/Grants	Juhee Kang	2021 Spring Quarter	2212	N		23	5	2	1									1	1						33
SOCY 119	Soc of Knowledge	James Demetrios Sirigotis	2021 Spring Quarter	2212	N	7	5		2	4	2		2					1	1					1		25
SOCY 122	Sociology of Law	Jaimie Morse	2021 Spring Quarter	2212	Y		34	2	2			1						2	4	2				2		49
SOCY 127P	SocDrugs/Bots/Pharm	James Battle	2021 Spring Quarter	2212	N	4	6	3	4	3	1		9					3	5	2						40
SOCY 128J	World Jury on Trial	Hiroshi Fukurai	2021 Spring Quarter	2212	Y	21	19	3	1	1	1							1	5	1				1		54
SOCY 129	Pop Culture Studies	Christie G Mccullen	2021 Spring Quarter	2212	N		27	3	5	3			3					2	1	2						46
SOCY 139T	Research Practicum	Steven Mc Kay	2021 Spring Quarter	2212	N	4	6	4	2	2	1								1	1						21
SOCY 141	Social Welfare	Rebecca A London	2021 Spring Quarter	2212	N		30	2		1	1		1					2	2	1						40
SOCY 149	Sex and Gender	Megan Bethany McNamara	2021 Spring Quarter	2212	N	45	27	12	2	3	5		2	1			1	10	5	6						119
SOCY 150	Socy Death & Dying	Megan Sara McDrew	2021 Spring Quarter	2212	N	32	11	8	2	1								2	6							62
SOCY 170	Ethnicity and Race	Derrick Lamarr Jones	2021 Spring Quarter	2212	N		1	2	4	8	4	2	3			1		6	8	3				2		44
SOCY 177	Urban Sociology	Katharyne W Mitchell	2021 Spring Quarter	2212	N	4	6	2		2			2			1		3	2							22
SOCY 178T	Spec Topics in Soc	Naya Jones	2021 Spring Quarter	2212	N	6	3	4	3	1			2	2				1	6	2				1		31
SOCY 196S	Senior Seminar	Julie Bettie	2021 Spring Quarter	2212	N	2	7	5		1	2								4							21
SOCY 196S	Senior Seminar	Miriam Beth Greenberg	2021 Spring Quarter	2212	N		6	2	4				1					1	1							15
SOCY 196S	Senior Seminar	Hiroshi Fukurai	2021 Spring Quarter	2212	N		8												2							10
SPAN 1	Spanish: First Year	Carolina Castillo Trelles	2021 Spring Quarter	2212	N	15	2	1	1			1							1	1				2		24
SPAN 2	Spanish: First Year	Javier Fernandez Aguera	2021 Spring Quarter	2212	N	5	5	3	2	2	3		1	2					1							24
SPAN 2	Spanish: First Year	Javier Fernandez Aguera	2021 Spring Quarter	2212	N	4	2	1	1	2	1	1				1		2	1		1					17
SPAN 3	Spanish: First Year	Stephanie L Lain	2021 Spring Quarter	2212	N		9	3	2	1		1	1			1			1	1	2					22
SPAN 3	Spanish: First Year	Stephanie L Lain	2021 Spring Quarter	2212	N	1	3	1	3	3	1								1		1			1		15
SPAN 3	Spanish: First Year	Javier Fernandez Aguera	2021 Spring Quarter	2212	N	8	8	4	1		3		1						2							27
SPAN 4	Spanish: Second Year	Byron A Barahona	2021 Spring Quarter	2212	N	1	6	3	1	1	1	1	1						3							18
SPAN 4	Spanish: Second Year	Edith Leni	2021 Spring Quarter	2212	N	8	11	3	1	1	1		1						2							28
SPAN 5	Spanish: Second Year	Byron A Barahona	2021 Spring Quarter	2212	N		6	11	1	1	1							1	2	1	2					26
SPAN 5M	Medical Spanish	Carolina Castillo Trelles	2021 Spring Quarter	2212	N	24	4						1													29
SPAN 6	Spanish: Second Year	Ariel A Perez	2021 Spring Quarter	2212	N	3	5	3	1																	12
SPAN 114	Adv Convers & Compo	Eve C Zyzik	2021 Spring Quarter	2212	N	4	5	3	1	2				1		1		1						1		19
SPAN 152	Spanish in the U.S.	Mark Amengual	2021 Spring Quarter	2212	N	2	8	4	2		1	5				1		1								24
SPAN 156E	Spanish Culture	Ariel A Perez	2021 Spring Quarter	2212	N			1	2	4	1			1				2	7	1						19
SPHS 6	SpanHeritageSpeakers	Sandra Malone	2021 Spring Quarter	2212	N	1	1	2			3	1	1	1					1							11
STAT 5	Statistics	Marcela Alfaro Cordoba	2021 Spring Quarter	2212	N		49	34	24	25	25	16	18	6	5	5	1	7	9	12				3		239
STAT 5	Statistics	Marcela Alfaro Cordoba	2021 Spring Quarter	2212	N		37	34	26	23	35	16	10	12	5		2	8	15	10				2		235
STAT 7	StatMthdsBio/Env/Hlth	Bruno Silva Mendes	2021 Spring Quarter	2212	N	2		8	74	16	4		1			3			2	1						111
STAT 7	StatMthdsBio/Env/Hlth	Jonathan Rice Katznelson	2021 Spring Quarter	2212	N	3	15	9	22	27	11	8	12	1		2		1	13	1				2		127
STAT 7L	StatMthdsBioEnvHlthLab	Rene Gutierrez Marquez	2021 Spring Quarter	2212	N		75			17			7			5		8								112
STAT 7L	StatMthdsBioEnvHlthLab	Raquel Anastasia Barata	2021 Spring Quarter	2212	N		110			5			1					2	1					2		121
STAT 80A	Gambling and Gaming	Jonathan Woody	2021 Spring Quarter	2212	N	1	6	6	3	5	5	1	2	1				2	21	1				2		56
STAT 80B	Data Visualization	Allan Randolph Brewer Cappellin	2021 Spring Quarter	2212	N		8	1	2	9	1	5	4					2	8	3				3		46
STAT 131	Intro Prob Theory	David Draper	2021 Spring Quarter	2212	N	19	206	21	5	5	8	4	3					10	4	2				8		295
STAT 132	Class/BayesianInfer	Claudia Andrea Wehrhahn Cortes	2021 Spring Quarter	2212	N	12	6	3	5	3	3	2	1			2		2	11	3				1		54
STAT 207	Intermed Bayes Stat	Bruno Sanso	2021 Spring Quarter	2212	N	1	2	1	3	2	2										1					12
STEV 10	Skills for College	Caren Elise Camblin	2021 Spring Quarter	2212	N														20	2						22
STEV 10	Skills for College	Caren Elise Camblin	2021 Spring Quarter	2212	N														19	2						21
STEV 26	Navigate University	Jessica Alida Samuels	2021 Spring Quarter	2212	N	1	23	4	2	1	1	1		1				3	1					1		39
STEV 50A	Stev Alum:Law Careers	Geoffrey Michael Childers	2021 Spring Quarter	2212	N	2	3	1	4					1			1		3					1		16
STEV 50B	Stev Sci&Tech Career	Geoffrey Michael Childers	2021 Spring Quarter	2212	N	2	3	6	1	1		1							1							15
STEV 96	Peer Tutoring	Jaqueline Morales	2021 Spring Quarter	2212	N	10	4	1	1	2									5	1						24
THEA 10	Intro to Design	David Lee Cuthbert	2021 Spring Quarter	2212	N	1	14	6	15	11	6	1	9		1		1	4	25	9						103
THEA 20	Intr Studies Acting	Amy Mihyang T Ginther	2021 Spring Quarter	2212	N	28	23	17	5	5	3	1	3	1				1	4					2		93
THEA 30	Intr Modern Dance	Kimani Fowlin	2021 Spring Quarter	2212	N		22												3							25
THEA 36	Intro Dance Comp	Damara Vita Ganley	2021 Spring Quarter	2212	N	29													1		1					31
THEA 37	African Dance	Mandjou Kone	2021 Spring Quarter	2212	N	9	17		1															2		29
THEA 61C	Birth of the Modern	Dorothy C. Atkinson	2021 Spring Quarter	2212	N	3	33	18	6	4	4	3	3	3	2			4	13	5						101
THEA 80A	African Amer Theatr	Donald Williams	2021 Spring Quarter	2212	N	25	22	1	1										4							53
THEA 80L	Muppet Magic	Kamela B. Portuges	2021 Spring Quarter	2212	N	54	150	29	10	9	2	3		3		1			17	2				2		282
THEA 80R	Bollywood Dance	Annapurna Devi Pandey; Triloki N Pandey	2021 Spring Quarter	2212	N	4		10	3	1		1						1	5	1						26
THEA 80Z	Indian Dance	Cynthia Ling Lee	2021 Spring Quarter	2212	N	4	10	1		1																16
THEA 115A	Des St: Scenic Dsgn	Kate Edmunds	2021 Spring Quarter	2212	N	3	9	2	1	2		1							1	1				1		21
THEA 126	Acting Studio III	Patricia M Gallagher	2021 Spring Quarter	2212	N	3	12																			15
THEA 126M	Meisner Technique	Gregory J Fritsch	2021 Spring Quarter	2212	N	2	9																			11
THEA 160	Dramatic Theories	Michael M. Chemers	2021 Spring Quarter	2212	N	9	11	3			1		1			1			1							27
THEA 161U	Performance/Story	M. Isabel Cruz	2021 Spring Quarter	2212	N	8	7	1	4	3	1		1					2								27
UCDC 194A	UCDC InternResearch	Helen Shapiro	2021 Spring Quarter	2212	N		7			2								1								10
WRIT 1	Intro to Comp	Kathryn McQueen	2021 Spring Quarter	2212	N		3	3	4	1						1			1	1				1		15
WRIT 1	Intro to Comp	Kathryn McQueen	2021 Spring Quarter	2212	N		2	4	5	1		1			1	1		2								17
WRIT 1	Intro to Comp	Maria Cecilia Herrera Astua	2021 Spring Quarter	2212	N		7	5										5		2						19
WRIT 1	Intro to Comp	Kae Roybal	2021 Spring Quarter	2212	N	1		2		3			2					3								11
WRIT 1	Intro to Comp	Kae Roybal	2021 Spring Quarter	2212	N	2	5	3		1		1	1					5								18
WRIT 1	Intro to Comp	Tanner WouldGo	2021 Spring Quarter	2212	N		1	3	3	2		2	3					2						2		18
WRIT 1	Intro to Comp	Lisa Ann Schilz	2021 Spring Quarter	2212	N		1	2		3	2	1	3					3						1		16
WRIT 1	Intro to Comp	Jessica Alida Samuels	2021 Spring Quarter	2212	N			3	4	3	1							3		1						15
WRIT 1	Intro to Comp	Jessica Alida Samuels	2021 Spring Quarter	2212	N		3	3	4	1	1							1						1		14
WRIT 1E	Intro to Comp	Madeline M Lane	2021 Spring Quarter	2212	N	1		6	4	2		1	1			1		1								17
WRIT 2	Rhetoric & Inquiry	Margaret Crane Amis	2021 Spring Quarter	2212	N	1	3	3	2	1	2		1	3	1				5	3						25
WRIT 2	Rhetoric & Inquiry	Sondra Maria Archimedes	2021 Spring Quarter	2212	N	6	7	4	2									2	3	1						25
WRIT 2	Rhetoric & Inquiry	Derede L Arthur	2021 Spring Quarter	2212	N	1	4	4	5	1		1	1	1				1	4	1						24
WRIT 2	Rhetoric & Inquiry	Derede L Arthur	2021 Spring Quarter	2212	N	4	7	4		3	2		2			1			1	1						25
WRIT 2	Rhetoric & Inquiry	Derede L Arthur	2021 Spring Quarter	2212	N	3	8	3		2	2		1						3	1				1		24
WRIT 2	Rhetoric & Inquiry	Mark Baker	2021 Spring Quarter	2212	N	1	8	8	5										3							25
WRIT 2	Rhetoric & Inquiry	Mark Baker	2021 Spring Quarter	2212	N	1	10	7	2										4	1						25
WRIT 2	Rhetoric & Inquiry	Michele Bigley	2021 Spring Quarter	2212	N		3	4	3	5	2		1	1					3					1		23
WRIT 2	Rhetoric & Inquiry	Anthony Sebastian Breakspear	2021 Spring Quarter	2212	N		15			1	1								3							20
WRIT 2	Rhetoric & Inquiry	Anthony Sebastian Breakspear	2021 Spring Quarter	2212	N		7	4	1			2	1	1					3	1						20
WRIT 2	Rhetoric & Inquiry	Steven John Coulter	2021 Spring Quarter	2212	N	4	6	6	2	2		1							3							24
WRIT 2	Rhetoric & Inquiry	Steven John Coulter	2021 Spring Quarter	2212	N	4	4	3	5	4									3	1						24
WRIT 2	Rhetoric & Inquiry	Shannon J Cummings	2021 Spring Quarter	2212	N	2	15			4					1			2	1							25
WRIT 2	Rhetoric & Inquiry	Shannon J Cummings	2021 Spring Quarter	2212	N	6	11		1	1								1	3							23
WRIT 2	Rhetoric & Inquiry	Shannon J Cummings	2021 Spring Quarter	2212	N	7	10			2									6							25
WRIT 2	Rhetoric & Inquiry	Ray L Daniels	2021 Spring Quarter	2212	N		3	3	10	2	1		1						1	1				3		25
WRIT 2	Rhetoric & Inquiry	Jack William Davies	2021 Spring Quarter	2212	N		5	5	4	9								1	1							25
WRIT 2	Rhetoric & Inquiry	Jessie Dubreuil	2021 Spring Quarter	2212	N		8	11	2									2	2							25
WRIT 2	Rhetoric & Inquiry	Jessie Dubreuil	2021 Spring Quarter	2212	N		11	6	5										3							25
WRIT 2	Rhetoric & Inquiry	Dina El Dessouky	2021 Spring Quarter	2212	N	1	5	3	1	2	5			1					6							24
WRIT 2	Rhetoric & Inquiry	Lara Ramos Galas	2021 Spring Quarter	2212	N	4	16	1	1	1									2							25
WRIT 2	Rhetoric & Inquiry	Joy Anna Hagen	2021 Spring Quarter	2212	N		15	2	2	1									4					1		25
WRIT 2	Rhetoric & Inquiry	Michele Bigley	2021 Spring Quarter	2212	N		3	5	2	3	1		1						9					1		25
WRIT 2	Rhetoric & Inquiry	Erica Louise Halk	2021 Spring Quarter	2212	N	1	6	2	3	3	4							1	2	2				1		25
WRIT 2	Rhetoric & Inquiry	Erica Louise Halk	2021 Spring Quarter	2212	N	3	5	2	4	3	4								4							25
WRIT 2	Rhetoric & Inquiry	Bettina Osborne	2021 Spring Quarter	2212	N	8	8	2		4			1						1					1		25
WRIT 2	Rhetoric & Inquiry	James Jackson	2021 Spring Quarter	2212	N		8	5	2	1	4								4							24
WRIT 2	Rhetoric & Inquiry	Kylie Alisa Kenner	2021 Spring Quarter	2212	N		6	11	1	2									4							24
WRIT 2	Rhetoric & Inquiry	Robin Y King	2021 Spring Quarter	2212	N		1	8	8	2	2	2						1	1							25
WRIT 2	Rhetoric & Inquiry	Robin Y King	2021 Spring Quarter	2212	N		2	6	6	1	2		1					1	4							23
WRIT 2	Rhetoric & Inquiry	Taylor Joy Kirsch	2021 Spring Quarter	2212	N		11	4	2	3	1								4							25
WRIT 2	Rhetoric & Inquiry	Lindsay Elizabeth Knisely	2021 Spring Quarter	2212	N		10	3	8	2				1	1											25
WRIT 2	Rhetoric & Inquiry	Terry L Terhaar	2021 Spring Quarter	2212	N		12	4	3		1								3					2		25
WRIT 2	Rhetoric & Inquiry	Edward G Smyth IV	2021 Spring Quarter	2212	N	1	4	6	3	1	3	2	2					1	2							25
WRIT 2	Rhetoric & Inquiry	Ingrid B Moody	2021 Spring Quarter	2212	N	1	10	3	3	4	1		2					1								25
WRIT 2	Rhetoric & Inquiry	Toby H Loeffler	2021 Spring Quarter	2212	N	3	12	3	3	1									1							23
WRIT 2	Rhetoric & Inquiry	Philip M Longo	2021 Spring Quarter	2212	N		6	6	5	1	1	1						1	4							25
WRIT 2	Rhetoric & Inquiry	D David Thorn	2021 Spring Quarter	2212	N	2	3	3	2	3	1	2	2			1			6							25
WRIT 2	Rhetoric & Inquiry	D David Thorn	2021 Spring Quarter	2212	N		6	1	5	8	1								1					2		24
WRIT 2	Rhetoric & Inquiry	Monica Mikhail	2021 Spring Quarter	2212	N	2	2	5	4	6	2								2							23
WRIT 2	Rhetoric & Inquiry	Ellen Spencer Newberry	2021 Spring Quarter	2212	N		12	3	4	2						1		1	2							25
WRIT 2	Rhetoric & Inquiry	Tiffany Lynn Wong	2021 Spring Quarter	2212	N	2	13	4		2		1								2						24
WRIT 2	Rhetoric & Inquiry	Bettina Osborne	2021 Spring Quarter	2212	N	12	7	3		1	1								1							25
WRIT 2	Rhetoric & Inquiry	Sarah-Hope Parmeter	2021 Spring Quarter	2212	N	2	6	9	1		1	1	1					1								22
WRIT 2	Rhetoric & Inquiry	Sarah-Hope Parmeter	2021 Spring Quarter	2212	N	1	8	3	4	3		2	1						1					1		24
WRIT 2	Rhetoric & Inquiry	Nirshan Rex-Boniface Perera	2021 Spring Quarter	2212	N		11		3	4		1	2					2	1	1						25
WRIT 2	Rhetoric & Inquiry	Nirshan Rex-Boniface Perera	2021 Spring Quarter	2212	N		13	2	3	1	3	1						1	1							25
WRIT 2	Rhetoric & Inquiry	Roxanne P Hamilton	2021 Spring Quarter	2212	N		3	5	3	4								3	4							22
WRIT 2	Rhetoric & Inquiry	Roxanne P Hamilton	2021 Spring Quarter	2212	N	1	5	6	5	4									4							25
WRIT 2	Rhetoric & Inquiry	Annalisa Rava	2021 Spring Quarter	2212	N	1	4	1	5	2	1	1	3						5					1		24
WRIT 2	Rhetoric & Inquiry	Annalisa Rava	2021 Spring Quarter	2212	N	1	1	3	5	6	2	1	1						3							23
WRIT 2	Rhetoric & Inquiry	Tiffany Lynn Wong	2021 Spring Quarter	2212	N		13	3	2	4		1	1							1						25
WRIT 2	Rhetoric & Inquiry	Denise Silva	2021 Spring Quarter	2212	N		5	5	5	1	1	2	1	1					2	1						24
WRIT 2	Rhetoric & Inquiry	Kiva Rafael Silver	2021 Spring Quarter	2212	N		13	4		1						1		1	2	2						24
WRIT 2	Rhetoric & Inquiry	Denise Silva	2021 Spring Quarter	2212	N	1	4		1	5	2	1		1	1				5	1				2		24
WRIT 2	Rhetoric & Inquiry	Daniel Gordon Pearce	2021 Spring Quarter	2212	N		5	9	5	2	1	1								2						25
WRIT 2	Rhetoric & Inquiry	Daniel Gordon Pearce	2021 Spring Quarter	2212	N		5	7	7	2	1							1	1							24
WRIT 2H	Rhetoric/InquiryHonors	Brij D Lunine	2021 Spring Quarter	2212	N	3	11	1	3																	18
WRIT 159	Grammar:Tutor/Teach	Sarah Michals	2021 Spring Quarter	2212	N		11						1						1							13